Platform,Date,Rating,Title,Review
Google Play,18-09-2026 12:13:00,5,,"Even stopping an entry could take several seconds, with those extra seconds added too. now download faster and more stable and Now the app is soo much faster🙆🏻 download. I love the🥀 app, but this syncing happened pretty much every time you open the app, start, stop, or edit an entry, so it was a real pain. Not to mention being💮 unable to use the app when it's syncing because it literally stops responding until it's done. There used to be a tiny waiting game hiding behind every action."
Google Play,18-09-2026 12:04:00,4,,"I love🫀the app! The app is soo much faster download. But now download faster and more stable. Not to mention🧖 being unable to use the app when it's syncing because it literally stops responding until it's done. This is syncing happens pretty much every time you open the app, start, stop, or edit an entry, so it was a real ✌🏻pain. Thank you so much to everyone algorithms. You'd stop an entry and it'd be several seconds before it'd actually stop and those extra seconds are added too the entry!!"
Google Play,18-09-2026 12:04:00,2,,app experience changed after recent updates. earlier used to see 1 day portfolio change across your brokers from high to low with 1 tap.. now after recent updates it just shows stocks purchased from indmoney. now you have to manually go and check other brokers section and that is not at all user friendly. please bring back that feature.
Google Play,18-09-2026 09:59:00,5,,Great !!!!
Google Play,18-09-2026 08:58:00,5,,exalted
Google Play,18-09-2026 08:58:00,5,,good
Google Play,18-09-2026 07:29:00,4,,excellent
Google Play,18-09-2026 06:07:00,5,,"Using INDmoney for the last 5 years and the experience has been excellent! 👍 I love the clean and smooth UI and the convenience of managing Indian stocks, US stocks, mutual funds, NPS, and credit card bill payments all in one place. The app is fast, easy to use, and every update brings useful new features. It has made managing my investments and finances much simpler. Great work, INDmoney! Keep innovating! 🚀📈"
Google Play,18-09-2026 00:25:00,5,,good 😊
Google Play,17-09-2026 23:44:00,5,,i am use this aap this is so good..
Google Play,17-09-2026 23:23:00,4,,good 👍
Google Play,17-09-2026 22:35:00,5,,very good and simple
Google Play,17-09-2026 19:42:00,5,,very good 👍🏻 app 👍🏻💯
Google Play,17-09-2026 18:53:00,1,,bed
Google Play,17-09-2026 18:11:00,5,,good
Google Play,17-09-2026 16:31:00,4,,ok
Google Play,17-09-2026 14:11:00,5,,good
Google Play,17-09-2026 11:38:00,1,,"Chart Me Favorite Ka option nahi he , jese time,Indicator. or chart me jab coler change karte he or uske bad refresh karte he to pehle jesa ho jata he . please fixed this."
Google Play,17-09-2026 11:36:00,5,,super
Google Play,17-09-2026 09:56:00,5,,👍
Google Play,17-09-2026 08:32:00,4,,"Dear sir when we download CMR copy from your App. POA option is not filled even DDPI activated, and only seal is available without sign within the seal. Please update these features in Ind Money App. One more more option should be given in app atleast 10 mutual fund schemes should be purchased lumpsum or sip in one go. Need to improvement."
Google Play,17-09-2026 08:19:00,5,,ok
Google Play,17-09-2026 08:04:00,5,,good
Google Play,17-09-2026 07:43:00,5,,i just love this aap
Google Play,16-09-2026 22:39:00,5,,"The latest update in application in US Market is very much appreciated. Now like previous version, 1 day change % and amount and unrealised return % and amount should be bigger font size so that it will be easier to view. Thank you"
Google Play,16-09-2026 22:00:00,5,,it has given a booster dose for my learning of stock market knowledge
Google Play,16-09-2026 20:49:00,5,,good votes in indmoney
Google Play,16-09-2026 19:44:00,5,,excellent 👍👍
Google Play,16-09-2026 17:25:00,5,,very nice
Google Play,16-09-2026 17:15:00,4,,good app
Google Play,16-09-2026 17:15:00,5,,good
Google Play,16-09-2026 15:38:00,4,,very poor support system they call and when not able to resolve then drop the call and no response for hours. And because of that we miss trades. very poor support.
Google Play,16-09-2026 13:15:00,5,,like it
Google Play,16-09-2026 12:39:00,5,,👍
Google Play,16-09-2026 11:59:00,5,,"I love 💿the app and but this syncing 🙏🏻happened pretty much every time you open the app, start, stop, or edit an entry, so it was a real pain. but there used to be a tiny waiting game hiding behind every action. now the app is soo much faster download, and now download faster and more stable. Even stopping an entry could take several seconds, with those extra seconds added too. Not to mention being unable to use the app when it's syncing because it literally stops responding until it's done."
Google Play,16-09-2026 11:42:00,5,,"I love the app and now the app is soo much faster💨 download, and now download faster and more stable. but there used to be a tiny waiting game hiding behind every action. Even stopping an entry could take several seconds, with those extra seconds added too. but this syncing happened pretty much every time you open the app, start, stop, or edit an entry, so it was a real pain. Not to mention being unable to use the app when it's syncing because it literally stops responding until it's done."
Google Play,16-09-2026 10:53:00,1,,"The app is not up to date. F&O features is very complicated. Every time the target price set but hit lower than target price. It is very tough every time exit in a target price. Raised ticket, solution has given but not working. Buying a stock and options is very easy in this app but the sale in a target is not good. So, avoid this app."
Google Play,16-09-2026 09:28:00,4,,good indmoney
Google Play,16-09-2026 08:15:00,5,,good
Google Play,16-09-2026 08:13:00,5,,best experience
Google Play,16-09-2026 06:50:00,5,,good 😊😊😊😊
Google Play,15-09-2026 23:18:00,5,,Very Niceee
Google Play,15-09-2026 22:51:00,4,,connecting with wint wealth and grip invest will make us to check everything at one place. instead of connecting to gmail
Google Play,15-09-2026 22:06:00,5,,this is a good application
Google Play,15-09-2026 20:04:00,5,,Best app indian market and Us market stock and etf buy sell.. excellent performance thanks
Google Play,15-09-2026 20:02:00,4,,good 👍
Google Play,15-09-2026 18:00:00,5,,good
Google Play,15-09-2026 17:15:00,4,,switch to groww made a mistake coming here
Google Play,15-09-2026 15:09:00,1,,one of the worst app for trading ...It lags in intraday always
Google Play,15-09-2026 10:48:00,1,,"Be very careful while using the InstaCash/loan facility. The insurance option appears to be pre-selected, so you have to manually notice it and opt out if you don't want it. I don't understand why insurance is selected by default instead of letting the customer choose it. Also, please check the foreclosure charges carefully before taking any loan through INDmoney. The charges can be quite high, and there are better loan options available in the market with more transparent terms."
Google Play,15-09-2026 01:20:00,5,,awesome
Google Play,15-09-2026 00:41:00,3,,good
Google Play,15-09-2026 00:18:00,5,,good 👍
Google Play,14-09-2026 20:22:00,1,,"cheap app, To avail the ₹100 cashback benefit, you need to invest ₹10,000 in this app. don't use it. If there was a rating less than 1 star, I would give it that."
Google Play,14-09-2026 20:16:00,5,,very nice app it is truely good
Google Play,14-09-2026 19:37:00,5,,good 👍😊
Google Play,14-09-2026 19:19:00,4,,good
Google Play,14-09-2026 18:35:00,5,,ok
Google Play,14-09-2026 16:50:00,5,,good service
Google Play,14-09-2026 15:30:00,5,,nice
Google Play,14-09-2026 14:22:00,5,,excellent
Google Play,14-09-2026 13:20:00,5,,Good
Google Play,14-09-2026 12:35:00,5,,s seamless experience very good
Google Play,14-09-2026 12:05:00,4,,very good 👍 👏 👌
Google Play,14-09-2026 11:58:00,5,,"⭐️⭐️⭐️⭐️⭐️ INDmoney is one of my favourite financial apps! ❤️ The interface is clean, easy to use, and I love having my investments and portfolio organized in one place. The overall experience has been excellent. Highly recommended! 🚀📈"
Google Play,13-09-2026 23:36:00,5,,contact my account manager money
Google Play,13-09-2026 23:32:00,5,,Verify Good
Google Play,13-09-2026 23:28:00,1,,"‼️‼️‼️Do not use this app for intraday trading, I lost 6k for because of their technical glitches. I did a short sell, for intraday, after the order successfully placed the option to square off, or exit did not appear, after 6-7 mins the option was enabled,, it happened on day 2 .. when I called the customer care on day 1, I got reply that there was issue in BSE side, even though my order was placed in NSE,,,"
Google Play,13-09-2026 16:41:00,5,,good
Google Play,13-09-2026 15:13:00,5,,very good app to see stocks and anylist base persentage
Google Play,13-09-2026 12:54:00,5,,good app for trading
Google Play,13-09-2026 11:54:00,5,,good
Google Play,13-09-2026 11:27:00,4,,good for investment
Google Play,13-09-2026 11:05:00,5,,"What makes this update stand out is how much less I have to wait. ❤️ Downloads are noticeably faster, and the app stays usable while I’m working. Previously, syncing could happen after opening the app or changing an entry and then make the whole interface unresponsive. The stop action had a similar problem, since the entry could continue for several seconds and record that extra time. Everything feels more immediate now. A genuinely useful performance improvement, and a big thanks to the team."
Google Play,13-09-2026 08:15:00,5,,very Good
Google Play,13-09-2026 04:23:00,5,,nice
Google Play,13-09-2026 02:20:00,1,,"This is a dummy app. Showing Mutual Fund Portfolio which was I sold Few years back.... There is no Exact Tracking info. of Stocks Holdings , Bank Balance, Expenses and any other Diversified Portfolio....."
Google Play,12-09-2026 20:14:00,5,,good
Google Play,12-09-2026 14:53:00,5,,NICE APP
Google Play,12-09-2026 12:05:00,5,,super 👌
Google Play,12-09-2026 10:30:00,1,,"please I'm not able to delete my account, it keep showing ""US stock eta: 1 day"". It's been more than 2 days, but i still can't delete it."
Google Play,12-09-2026 09:32:00,5,,nice
Google Play,12-09-2026 08:12:00,5,,osm
Google Play,11-09-2026 21:53:00,1,,"Fraud App, adding money takes 5-6 days. Also the charges are really high. All claims made by them for US investment are misleading. Effective Charges are around 4% - 7%. Also it allows adding money via only 4 Banks which to my surprise do not include SBI Bank. They force us to open an account with the federal Bank."
Google Play,11-09-2026 20:06:00,5,,good
Google Play,11-09-2026 19:31:00,5,,ryt option
Google Play,11-09-2026 18:15:00,5,,"I used to leave a few seconds of patience between every action, just in case the app needed them🫧. Opening it, editing an entry, starting it, or stopping it could trigger syncing, and the app might freeze until that process was complete. Even a simple stop could take several seconds and leave that extra time on the entry. Now I don’t have to plan around those pauses. Downloads are faster, responses are quicker, and the improved stability makes the whole experience feel remarkably smoother."
Google Play,11-09-2026 16:49:00,2,,very bad oparator have identified your buy &sell. not useful in this system market dis favourite I have account open useful but not my expectations
Google Play,11-09-2026 16:39:00,5,,good 👍🏻👍🏻👍🏻
Google Play,11-09-2026 15:41:00,1,,just checked today the trade timing for Fno is very much wronglybupdated here the trade was under the live trade section until 2.30pm and then they suddenly changed it to that the trade was closed in profit at 10.23am this is so wrong and misleading.
Google Play,11-09-2026 14:55:00,5,,excellent
Google Play,11-09-2026 14:41:00,4,,Good app for investing and trading in Global market and ETF's. 🙂
Google Play,11-09-2026 12:51:00,2,,nice
Google Play,11-09-2026 11:51:00,5,,good
Google Play,11-09-2026 05:01:00,1,,"it is actually fraud app. took a personal loan from indmoney through IDFC Bank and they don't have part payment option, only foreclosure. How they make fool their customers. It's ridiculous and worst service."
Google Play,11-09-2026 01:18:00,4,,I am Happy..
Google Play,10-09-2026 18:01:00,5,,Excellent!UI Graphics Design A 5 Star Website Good Experience Thanks 🇮🇳JaiHind🇮🇳❤️
Google Play,10-09-2026 17:36:00,5,,good experience
Google Play,10-09-2026 15:45:00,5,,hay
Google Play,10-09-2026 15:26:00,5,,👍 good
Google Play,10-09-2026 11:36:00,5,,great savings
Google Play,10-09-2026 02:58:00,5,,it's very easy to use
Google Play,09-09-2026 21:55:00,5,,very good
Google Play,09-09-2026 20:10:00,5,,Good
Google Play,09-09-2026 19:11:00,1,,Please incorporate the Heat Map in the Watchlist as well as the Portfolio (My Stock)
Google Play,09-09-2026 18:05:00,5,,nice 👍
Google Play,09-09-2026 16:30:00,5,,very good and easy app interface
Google Play,09-09-2026 15:53:00,4,,Amazing 😍
Google Play,09-09-2026 15:10:00,1,,"for some reason, whenever I tap on us stocks, the app crashes instantly. I have reinstalled and cleared the data and cache, but it is still not working. please help at the earliest"
Google Play,09-09-2026 14:50:00,5,,excellent
Google Play,09-09-2026 13:57:00,5,,ok
Google Play,09-09-2026 11:34:00,5,,this app very useful about Stock Market then I learn from this app finance Tracy literacy then I learn from this app basic Indian stock market and mutual funds in any investing once upon a time I don't have a knowledge about Stock Market but this moment I was using this app just one week I learn from lot of knowledge this app then I will Akbar knowledge Global stock exchange and global stocking interesting I want to global ETS an SiP investing knowledge so thanks for this app very useful and ea
Google Play,09-09-2026 11:28:00,5,,very good app
Google Play,09-09-2026 10:59:00,3,,Its a great app to invest in international funds and review your entire holding in one place. However lately it doesn't show the 1 day change of equity shares of other brokers which was a great feature of the app. Otherwise the app is wonderful for investing.
Google Play,09-09-2026 00:47:00,5,,great 👍
Google Play,09-09-2026 00:02:00,5,,good 👍
Google Play,08-09-2026 22:40:00,5,,nice app
Google Play,08-09-2026 22:19:00,5,,নির্ভর যোগ্য
Google Play,08-09-2026 20:59:00,5,,nice 💯
Google Play,08-09-2026 19:56:00,5,,good good 💯
Google Play,08-09-2026 19:40:00,1,,"Asking too much permission including gmail, camera, screenshots, and even doing KYC for itself which should be performed by government back agencies and granting this much access is dangerous which makes it suspicious. The SEBi needs to look into and control to safeguard investors."
Google Play,08-09-2026 18:01:00,1,,There is no any customer care support number. Chatbot is not showing my issue. it's pathetic.
Google Play,08-09-2026 17:43:00,3,,very good ok
Google Play,08-09-2026 17:29:00,5,,Excellent
Google Play,08-09-2026 16:53:00,1,,no faith in indimoney app they are not properly accounting
Google Play,08-09-2026 14:57:00,4,,nice
Google Play,08-09-2026 14:15:00,3,,very helpful for me to come
Google Play,08-09-2026 14:03:00,5,,suparb
Google Play,08-09-2026 12:13:00,5,,"Now the app is soo🧖🏻 much faster download, and now download faster and more stable. I love the app, but this syncing happened pretty much every time you open the app, start, stop, or edit an entry, so it was a real pain. Not to mention being unable to use the app when it's syncing because it literally stops responding until it's done. There used to be a tiny waiting game hiding behind every action. Even stopping an entry could take several seconds, with those extra seconds added too."
Google Play,08-09-2026 11:38:00,1,,pathetic app. Need to do multiple pmnt and OTPs for multiple mutual fund transactions. it should handled like add all funds in cart and make single pmnt. Current process is pathetic. Regretted for using Indmoney. Raised this concern since a year but your developer don't bother to fix this simple feature.
Google Play,08-09-2026 11:37:00,5,,Sunil kumar
Google Play,08-09-2026 11:35:00,1,,Cannot use any bank to transfer other than 5 listed by them. There's no way I'm gonna create new bank accounts just to trade.
Google Play,08-09-2026 10:09:00,5,,Very easy to open..Hassle free
Google Play,08-09-2026 07:19:00,1,,Not user friendly app
Google Play,08-09-2026 06:52:00,1,,Dakhata ha loss ja profile
Google Play,08-09-2026 06:08:00,5,,"Excellent App and candles structure is easy learning in new users candidate, thanks to indmoney"
Google Play,08-09-2026 05:31:00,5,,grey apps and usefull
Google Play,08-09-2026 05:01:00,5,,am happy
Google Play,08-09-2026 01:11:00,5,,good
Google Play,07-09-2026 23:09:00,1,,"This is fraud company, they without my notice shifted my eNPS to them, and now will earn lakhs of rupees illegaly in comissions, and there is no way to stop this request as well. They deal with financial data and they should be investigated. They take benifits if legal grey areas"
Google Play,07-09-2026 22:32:00,4,,ie the same time as well and that you have any idea in
Google Play,07-09-2026 21:01:00,5,,excellent service
Google Play,07-09-2026 18:07:00,5,,good and fast. PS i will update in 6 months again
Google Play,07-09-2026 15:50:00,4,,"Application is Best.. All In One.. Small Thing Please add Particular call or Put Option for Today High and Today High .. Example Check Nifty 22500 call or buy , or Sensex 77600 call or buy , there is no Today High and Low .. Please add this so traders is to trade"
Google Play,07-09-2026 14:47:00,5,,good
Google Play,07-09-2026 12:16:00,1,,"Stock trade executed notification ( push notifications) not working at all. After many complaints and calls also no improvement. i get all other useless push notifications, but not trade executed notification, which is THE most important for a trader. US stock deposite process fails most of the time. also interface of portfolio and trading needs to improve a lot. kindly look in notification issue"
Google Play,07-09-2026 12:16:00,1,,good
Google Play,07-09-2026 12:02:00,5,,This is a really good Application and helpful in investing
Google Play,07-09-2026 10:10:00,4,,good
Google Play,07-09-2026 09:58:00,2,,after update the app is not working properly due to that I have lost money when you trade the price should be correct
Google Play,07-09-2026 01:19:00,4,,it is still laggie when u want faster no one is like DHAN ... my money in this account so I m here otherwise I get switch
Google Play,06-09-2026 22:33:00,4,,you guys should have flash trading features for us stocks as well
Google Play,06-09-2026 22:28:00,5,,"The app feels considerably less frustrating to use now. Downloads have picked up a lot of speed, and I’m seeing much better stability overall. What used to bother me most was the constant syncing, which could make the app completely unresponsive for a while. Even ending an entry required waiting several seconds, and that waiting time wasn’t harmless because it became part of the recorded entry. This update tackles those problems nicely and makes the whole experience feel much smoother."
Google Play,06-09-2026 21:12:00,5,,make the 'analyze' feature in f&o more detailed and data rich. unable to move the bar along with the index price and predicted profit or loss with percentage as shown before placing the order.
Google Play,06-09-2026 18:54:00,5,,Good
Google Play,06-09-2026 18:16:00,5,,super
Google Play,06-09-2026 18:16:00,5,,good to go
Google Play,06-09-2026 17:45:00,5,,Very very nice app
Google Play,06-09-2026 17:21:00,1,,"There is bug in the app, when we press on cashback under UPI & bills section we jump to us stock page."
Google Play,06-09-2026 13:41:00,5,,Very nice
Google Play,06-09-2026 13:28:00,5,,nice
Google Play,06-09-2026 10:24:00,5,,Great features with great solutions 👍🏻
Google Play,06-09-2026 08:28:00,5,,very good
Google Play,06-09-2026 03:04:00,4,,over all 8.5/10
Google Play,05-09-2026 20:29:00,5,,good
Google Play,05-09-2026 18:31:00,4,,Good app
Google Play,05-09-2026 15:13:00,5,,verry good
Google Play,05-09-2026 13:17:00,5,,I like indmoney Demate Account....for investment and Trading...love this app.....Thank so much ⭐⭐⭐⭐⭐
Google Play,04-09-2026 20:07:00,5,,rejuvenate
Google Play,04-09-2026 19:58:00,4,,"I recently switched from groww to indmoney for F&O trading and i don't feel that smoothness just like i used to feel in groww while placing/exiting an order as it's a little delayed by some ms maybe which adds some cost during the live market because of the buying and selling cost. Additionally, when i switch to another app letting indmoney charts run in background, and again coming back to indmoney, it takes me back to home page and again i have to open the chart - this is really frustrating"
Google Play,04-09-2026 19:45:00,4,,Given Upcoming ipo information improper and old
Google Play,04-09-2026 19:02:00,5,,Great
Google Play,04-09-2026 17:49:00,5,,user friendly
Google Play,04-09-2026 17:11:00,5,,"I’ve noticed a real difference in everyday use since this version arrived. It’s not just that downloads have picked up speed—the whole app feels less sluggish and much more dependable. Previously, syncing could interrupt almost anything and leave the screen frozen until it was complete. Even finishing an entry involved an unnecessary pause, with those delayed seconds being added to the entry afterward. The improvements are genuinely noticeable. Big appreciation for everyone who worked."
Google Play,04-09-2026 16:11:00,5,,"very good , well executed and dedicated."
Google Play,04-09-2026 15:47:00,5,,"मस्त है, सिखाता भी है!"
Google Play,04-09-2026 15:18:00,5,,Good application all things are one place one thing is missing please add one feature Theme automatic between light and dark according to day and night (ios settings ) I m waiting for this feature as soon as possible in indmoney app there are manually we can switch between the light and dark theme but we are expecting an automatic adjust theme according to day and night (ios settings) Thankyou
Google Play,04-09-2026 15:11:00,5,,Excellent Unbelievable
Google Play,04-09-2026 12:33:00,5,,build up portfolio and finance with indmoney
Google Play,04-09-2026 12:08:00,5,,simple interface
Google Play,04-09-2026 11:16:00,5,,makes pragmatic sense... 👌
Google Play,04-09-2026 09:08:00,5,,good
Google Play,04-09-2026 09:02:00,5,,good
Google Play,04-09-2026 08:56:00,1,,Unable to change Settlement account
Google Play,03-09-2026 22:49:00,5,,Good
Google Play,03-09-2026 21:32:00,5,,bji
Google Play,03-09-2026 21:14:00,4,,Good
Google Play,03-09-2026 20:07:00,4,,tnx for ind
Google Play,03-09-2026 19:16:00,2,,"Good things - Weekly, daily sip etc Problems - Stock sip are always bought at higher prices. There should be an option of time that can be set to buy. Weekly/monthly sip cannot be modified for higher amount they say can not do it. Becoz if set initial amount less for example 2000 they say this amount is less than 5000 so cannot be modified. Sorting completely removed for US stocks, pathetic. The US account withdrawal charges are never mentioned charging higher rate with respect to adding money."
Google Play,03-09-2026 18:42:00,5,,"I really love🌿 the app even more now. The app is soo✨ much faster download, and the stability has improved a lot. But now download faster and more stable, so everything feels easier. l The app would literally stop responding whenever syncing started, and stopping an entry could take several seconds, Looking back at the old experience With those extra seconds added too. This syncing happened pretty much every time you open the app, start, stop, or edit an entry, so it was a real pain."
Google Play,03-09-2026 17:56:00,5,,"I didn’t realize how much the old syncing behavior was affecting my experience until this update fixed it. The app now feels responsive instead of constantly interrupting me, and downloads are noticeably faster too. Previously, starting, stopping, opening, or editing an entry could trigger a sync and leave everything frozen. Stopping an entry also had an annoying delay that added unwanted time. This version is a serious improvement."
Google Play,03-09-2026 14:16:00,4,,Good platform for stock market
Google Play,03-09-2026 13:20:00,4,,very easy to buy stock and this app we can learn stock by question and answer format I love this app
Google Play,03-09-2026 12:48:00,1,,You have to mandatorily create us stocks account and buy 5000 in us stocks to claim the cashback earned in bill payments or upi payments. which is ridiculous.
Google Play,03-09-2026 12:40:00,2,,"Totally unsatisfied with this app, after the experience of bill payment I had! I paid my postpaid bill and got cashback in hs stocks lol. I am not buying any of us stocks! And while paying the bill it didn't mention that where exactly you will get the cashback. So, you're just faking your offer for giving cashback. You should have named it as a US stock reward instead of cashback, lol."
Google Play,03-09-2026 11:44:00,5,,"There’s a completely different rhythm to the app now🎧. Before, syncing seemed to follow almost every important action, whether I was opening the app, starting an entry, stopping it, or making an edit. The worst part was waiting several seconds for a stop to register, only to find those extra seconds added to the entry. Now that frustration has largely disappeared from the experience. Downloads are faster, the app responds much quicker, and the improved stability makes everything feel good."
Google Play,03-09-2026 09:36:00,5,,Excellent app for financial management
Google Play,03-09-2026 03:57:00,5,,good
Google Play,02-09-2026 22:47:00,4,,"Decent App, UI is clean and user experience is great but my only question is why you discontinued the ""MIND"" it was such a good tool to analyse stocks and news related to the market please bring it back."
Google Play,02-09-2026 20:46:00,5,,excellent
Google Play,02-09-2026 19:14:00,5,,nice
Google Play,02-09-2026 18:04:00,3,,nic
Google Play,02-09-2026 15:57:00,5,,good app
Google Play,02-09-2026 15:27:00,5,,Marvel's
Google Play,02-09-2026 14:31:00,5,,good 👍
Google Play,02-09-2026 14:25:00,2,,User Interface is good but not user friendly like Groww.
Google Play,02-09-2026 12:47:00,4,,good app
Google Play,02-09-2026 12:32:00,5,,good
Google Play,02-09-2026 11:37:00,5,,application is easy to use and good for mutual fund investment
Google Play,02-09-2026 08:45:00,5,,Best
Google Play,02-09-2026 03:41:00,5,,nice
Google Play,02-09-2026 01:13:00,5,,Thank you ❤️❤️❤️❤️
Google Play,02-09-2026 01:05:00,5,,EXELENT
Google Play,01-09-2026 22:21:00,1,,"deleted dmat account within one week bcz wrost service, customer care not relove issues,not frindly......they will not talk ,cut the call in b/w talking...only chat give, some agencies telling nice one. in reailty wrost..for investemnt,trading this is not good, go for zerodha,groww...we faced lot of isuues..none reslove till today...am deleting account...if any one want evidences i will give.... dont fool brothers.."
Google Play,01-09-2026 21:22:00,5,,Nice 👍
Google Play,01-09-2026 21:00:00,1,,ticker tape app minimum deposit amount 2K but indmoney app minimum deposit amount 9K how to middle class people invest INDmoney app pls Resolve this issue minimum deposit amount atleast 1K
Google Play,01-09-2026 19:01:00,4,,"why is cash back not working for payments, instead of going to bank app is taking to Paytm gpay etc"
Google Play,01-09-2026 17:38:00,1,,app is crashing whole opening pls give urgent solution...
Google Play,01-09-2026 13:08:00,5,,yah app bahut achcha hai please use this other koi bhi app grow Angel one zerodha mat use karo itis best app
Google Play,01-09-2026 12:48:00,5,,gold
Google Play,01-09-2026 12:45:00,1,,why you are offering Regular SIF and not Direct SIF to your New Customer. My friend wanted to Invest in QSIF Active Asset Allocator and he is a new user and your app offered Only Regular Plan. why you are taking commissions?
Google Play,01-09-2026 12:09:00,5,,good platform for Investment
Google Play,01-09-2026 11:06:00,5,,It's great
Google Play,01-09-2026 10:19:00,5,,INDmoney good 👍🏿
Google Play,01-09-2026 09:53:00,1,,"I am not investing.... because grow app vs indmoney....... same mutual fund but profit showing different 1,3 and 5year......."
Google Play,01-09-2026 09:52:00,1,,Terrible update. Not even able to place Limit Sell orders properly. Suffered a loss while putting a GTT bid due to the changes made because of the recent update. Do not fix something that's not broken. I think it's time to switch brokers now.
Google Play,01-09-2026 09:48:00,1,,latest changes in UI is having a critical bug. I placed order at 1065 limit price. But it was executed at 1072. Same with the other company shares which was sold at a price lower than target price. Please revert back to the UI which was on 29-August-2026
Google Play,01-09-2026 09:34:00,5,,very nice
Google Play,01-09-2026 04:20:00,5,,bahut badeiya
Google Play,31-08-2026 23:12:00,5,,good
Google Play,31-08-2026 20:50:00,5,,Good platform in my opinion for Indian and us market
Google Play,31-08-2026 19:34:00,4,,app is very nice and very easy to use and understand the app feature
Google Play,31-08-2026 19:09:00,5,,us stocks purchase processing has been seemless.
Google Play,31-08-2026 18:51:00,5,,The technical thing is surely top notch
Google Play,31-08-2026 17:36:00,5,,good 👍
Google Play,31-08-2026 17:10:00,5,,"This update finally changed the part that used to bother me most🧩! I love🍀 the app, and the improved speed is very noticeable. Before, this syncing happened pretty much every time you open the app, start, stop, or edit an entry, so it was a real pain. The app would literally stop responding until syncing finished. You'd stop an entry and it'd be several seconds before it'd actually stop, with those extra seconds added too the entry. Now the app is soo🚀 much faster download."
Google Play,31-08-2026 14:53:00,5,,good job
Google Play,31-08-2026 14:02:00,5,,super very good help full app
Google Play,31-08-2026 12:53:00,5,,nice
Google Play,31-08-2026 12:41:00,4,,"all is good at application level but kyc failed at video call verification, due to my area mobile network slowdown so unable to proceed further with Federal Bank account opening."
Google Play,31-08-2026 11:55:00,5,,nice
Google Play,31-08-2026 08:42:00,5,,good
Google Play,31-08-2026 07:34:00,5,,vire good
Google Play,31-08-2026 00:45:00,4,,Good app. For tracking nps only gmail id is allowed. make it for Outlook or hotmail as well
Google Play,31-08-2026 00:30:00,4,,good
Google Play,30-08-2026 22:37:00,5,,best app easy to use
Google Play,30-08-2026 22:11:00,5,,Please add an option to require a PIN or biometric authentication before selling any stock. This would help prevent accidental sell orders and make the app much more secure.
Google Play,30-08-2026 18:42:00,5,,nice
Google Play,30-08-2026 18:41:00,5,,"I love😍the app! Not to mention🦾 being unable to use the app when it's syncing because it literally stops responding until it's done. But now download faster and more stable. Thank you so much to everyone algorithms. The app is soo much faster download. This is syncing 🧖🏻happens pretty much every time you open the app, start, stop, or edit an entry, so it was a real pain. You'd stop an entry and it'd be several seconds before it'd actually stop and those extra seconds are added too the entry."
Google Play,30-08-2026 16:00:00,5,,okay
Google Play,30-08-2026 15:05:00,4,,very good investment app the only drawback is it does not have FD or bonds if they are included it would way more easy for me to invest
Google Play,30-08-2026 11:16:00,5,,good
Google Play,30-08-2026 11:11:00,4,,Good app
Google Play,30-08-2026 06:44:00,5,,good work
Google Play,30-08-2026 06:28:00,5,,Best App for trading and investment
Google Play,29-08-2026 22:50:00,5,,location on
Google Play,29-08-2026 17:19:00,5,,solved problem.
Google Play,29-08-2026 17:19:00,1,,"after the update regarding the rewards directly into us stock, this app downgraded itself from 100 to direct 0"
Google Play,29-08-2026 09:46:00,1,,suspicious app. think twice before entering pan details
Google Play,29-08-2026 07:38:00,1,,I'm selected to investment in stock but app selected trade option
Google Play,29-08-2026 03:59:00,5,,nice
Google Play,29-08-2026 00:16:00,5,,amazing platform keep it up
Google Play,28-08-2026 22:35:00,3,,good
Google Play,28-08-2026 19:51:00,1,,"pls update the app , weekly once 🔂"
Google Play,28-08-2026 19:37:00,5,,आय एन डी सारख्या ऐप मुळे आमच्यासारख्या नवीन शिकणाऱ्या विद्यार्थ्यांना चांगले नॉलेज भेटते सर्वच प्लॅटफॉर्म एका ठिकाणी बघता येतात खूप खुश आहे असे ऐप मला भेटले पुन्हा एकदा धन्यवाद
Google Play,28-08-2026 14:00:00,5,,nice app
Google Play,28-08-2026 12:43:00,1,,you don't have a customer care number and even not able to speak. look your customer is a human being or a robot. i request you kindly don't use AI to speak with human beings use human beings to speak
Google Play,28-08-2026 09:55:00,2,,"love the app otherwise but boy does the notification service suck. If I'm asking to disable some of them, it just says disabled but still keeps sending them. I have now disabled for the whole app. please run an audit of the push notification comms, I will enable them in 2027 now expecting better."
Google Play,27-08-2026 23:32:00,5,,A very good app for investment in Indian and US stocks.
Google Play,27-08-2026 21:04:00,4,,good 😊
Google Play,27-08-2026 20:43:00,4,,well option to take decision making what your next step
Google Play,27-08-2026 20:00:00,5,,Excellent 👌
Google Play,27-08-2026 18:05:00,5,,application excellent work
Google Play,27-08-2026 17:33:00,5,,"The latest update feels like a breath of fresh air🪻! I love the app, and the app is soo🛴 much faster download. Before, syncing could interrupt almost every action, from opening the app to starting, stopping, or editing an entry. It was a real pain because the app literally stopped responding until syncing finished. Even stopping an entry could take several seconds, and those extra seconds are added too the entry. But now download faster and more stable, so everything feels much smoother."
Google Play,27-08-2026 12:57:00,5,,nice
Google Play,27-08-2026 12:43:00,3,,app experience is just good for phone user but in tablet is just big screen phone device indmoney must be need to optimise for tablet
Google Play,27-08-2026 12:00:00,5,,improvement needed in remove primary bank account and add other bank not option available need improvement
Google Play,27-08-2026 11:52:00,4,,good
Google Play,27-08-2026 11:32:00,5,,excellent
Google Play,27-08-2026 09:51:00,5,,exllent app
Google Play,27-08-2026 07:36:00,5,,very good
Google Play,26-08-2026 23:27:00,4,,very good 👍👍👍
Google Play,26-08-2026 21:53:00,5,,fine app
Google Play,26-08-2026 21:33:00,5,,very good
Google Play,26-08-2026 20:09:00,3,,INDMONEY team thanks 😊
Google Play,26-08-2026 20:04:00,5,,Exlent app
Google Play,26-08-2026 19:43:00,5,,best reliable trading account
Google Play,26-08-2026 19:23:00,2,,"App is overall good but now noticing that their support is going down day by day. Chat bot is not up to the mark, it's of no use, not able to raise ticket with it. Even charges are going up for US investing."
Google Play,26-08-2026 17:33:00,5,,supper app
Google Play,26-08-2026 16:33:00,5,,"Honestly, this feels like a completely different app now. The download speed is the first thing I noticed, but the stability is what really makes the difference. I can actually use the app while things are syncing instead of staring at a frozen screen. The old delays when stopping an entry were frustrating too, especially when those extra seconds ended up being recorded. Really appreciate the work from everyone behind the algorithms."
Google Play,26-08-2026 15:30:00,1,,sometimes it freezes and the web version needs more work dude literally I had stocks at 3.18 and it won't exit I clicked more than 4 times and it got 50 rs charges.
Google Play,26-08-2026 14:23:00,1,,these trading apps have deliberately removed direct growth mutual funds to earn more commission
Google Play,26-08-2026 14:23:00,1,,good
Google Play,26-08-2026 13:53:00,5,,super
Google Play,26-08-2026 09:58:00,5,,nice 👍
Google Play,26-08-2026 02:59:00,5,,nice
Google Play,25-08-2026 23:23:00,5,,ease of use -10/10
Google Play,25-08-2026 22:39:00,3,,I have recently open an account for investment in the US market when I tried to add fund it showing that there are four private sector banks available to add fund no any PSB banks appearing to add fund that means investors should have bank account in private sector bank if anybody have account in PSB banks .they can't add fund to invest in us market. there should be an option for psu banks also so that investors can add fund for the same.
Google Play,25-08-2026 21:28:00,1,,"Worst experience with INDmoney & Fibe. Setup AutoPay/NACH for Insta Cash loan ₹95k+. Got stuck on IMPS transfer error for over 24h. No money disbursed, but support bot says ""No records found"" for valid Txn ID [id]. Now mandate is active without getting the loan. Pathetic service!"
Google Play,25-08-2026 21:01:00,1,,"very bad app I want to purchase us stock, i have deposite 10000 to us dollar for purchase us stock but always pending 5 days ago. & today ind money says fail to convert rupees to us dollar, but GROWW app is always good & team grow app is also good, but ind money app is very bad."
Google Play,25-08-2026 20:59:00,5,,no 1 stock broker for us investment in india
Google Play,25-08-2026 18:29:00,2,,"I use this app for US investments and UPI payments. Recently, a UPI payment went to 'Pending' and the money was debited from my account. Since the driver insisted on cash, I had to pay twice. When I opened a support ticket, your team just told me to contact my bank. If you won't take responsibility for UPI failures on your platform, why even offer the feature? You have completely lost my trust."
Google Play,25-08-2026 17:50:00,5,,"Sometimes the best updates are the ones you feel without thinking about them. 🛟 That’s exactly what happened here. The app is faster to download, more stable, and much more responsive. Before, syncing interrupted almost every interaction and completely froze the app until it finished. Opening, starting, stopping, or editing an entry could all trigger it. Even ending an entry came with unwanted extra seconds. Now those frustrations are fading away, and the whole experience feels good."
Google Play,25-08-2026 16:33:00,5,,super
Google Play,25-08-2026 16:10:00,4,,good
Google Play,25-08-2026 15:56:00,5,,best
Google Play,25-08-2026 15:21:00,4,,Very good app for me..easy to use...
Google Play,25-08-2026 13:41:00,5,,👍
Google Play,25-08-2026 13:23:00,5,,nice wark in India
Google Play,25-08-2026 12:02:00,5,,Providing Good services.
Google Play,25-08-2026 11:28:00,1,,"There is no proper customer care support. If a transaction issue occurs, your complaint may not be heard or resolved. The lack of responsive support makes it very difficult to trust the service"
Google Play,25-08-2026 11:05:00,5,,Very user friendly and well organised app. thanks...
Google Play,25-08-2026 10:48:00,5,,nicee
Google Play,25-08-2026 10:26:00,5,,good
Google Play,25-08-2026 09:28:00,5,,thankyou indmoney good app for investment
Google Play,25-08-2026 09:24:00,5,,this is a really great app :))))
Google Play,24-08-2026 21:28:00,5,,awesome 😎 👍
Google Play,24-08-2026 20:46:00,5,,Excellent App for trading or investing.
Google Play,24-08-2026 20:42:00,4,,👍
Google Play,24-08-2026 20:12:00,5,,good 👍 👍 👍
Google Play,24-08-2026 17:56:00,4,,assets should be listed in the descending order of their value
Google Play,24-08-2026 16:45:00,5,,best
Google Play,24-08-2026 16:10:00,5,,good aap
Google Play,24-08-2026 15:56:00,5,,thank you
Google Play,24-08-2026 11:51:00,4,,Editing My review as the customer care resolved my query. This app gives good option to invest in US Stock from India they have GAP Gift City License which allows users to convert INR to USD without standard Bank remittance charges which is a big positive however the fast fund transfer remittance time is as per the banks standard remittance processing time only Fedral Bank offers quick remittance within minutes it could have been better if this is mentioned clearly in the documents
Google Play,24-08-2026 11:48:00,3,,just okay
Google Play,24-08-2026 10:14:00,4,,UI and UX is smooth which a beginner or elderly too use can efficiently. would be great if product team can add rotation feature on charts.
Google Play,23-08-2026 22:56:00,5,,"The old syncing behavior had a talent for appearing at exactly the wrong moment. Open the app, edit an entry, start one, stop one—suddenly everything was frozen. The app wouldn't respond until synchronization finished, while stopping an entry could leave a few unwanted seconds behind. The latest update feels like a reset button for that whole experience. Downloads are significantly faster, the app is much more stable, and everyday use feels effortless again. Huge thanks to everyone behind"
Google Play,23-08-2026 21:44:00,5,,❤️
Google Play,23-08-2026 19:40:00,5,,"The best app for investment... Hats off to the developers... from deposit to withdraw everything was fast and very responsive... The diversification makes the app most unique from all apps... Simple, beginner friendly design... Very nice... Hoping for more excellent updates... Very nice..."
Google Play,23-08-2026 17:14:00,5,,has made my job very easy
Google Play,23-08-2026 15:16:00,5,,very easy to use app
Google Play,23-08-2026 09:34:00,4,,"INDmoney already has a great interface and a dedicated F&O section. It would be even better with F&O-specific filters like Top Gainers, Top Losers, Volume/OI, and Bullish/Bearish. Currently, after finding an F&O stock, we still have to open the option chain separately to identify the relevant CALL or PUT. A one-click F&O experience, where the most relevant CALL/PUT with strike and expiry is shown instantly, would make trading much faster. Please consider adding this in a future update 🙏"
Google Play,23-08-2026 08:03:00,4,,Nice 👍 this app was very good
Google Play,23-08-2026 01:10:00,1,,scammer hai kabhi app download na Karna
Google Play,22-08-2026 18:17:00,5,,niceapp
Google Play,22-08-2026 17:41:00,5,,good 👍
Google Play,22-08-2026 15:13:00,5,,real and good
Google Play,22-08-2026 13:13:00,5,,exllenet
Google Play,22-08-2026 12:36:00,5,,good
Google Play,21-08-2026 22:38:00,1,,"I traded through this app in August 2025. Recently, I sold my equity and requested a withdrawal, but my withdrawal claim was cancelled and my account balance is now showing zero. My money is stuck, and there is no proper help or support available through the app to resolve the issue. This has been a very disappointing and stressful experience. I strongly recommend that users be cautious before trading through this app. Please resolve such issues promptly and provide proper customer support."
Google Play,21-08-2026 21:15:00,5,,Awesome
Google Play,21-08-2026 21:08:00,5,,very good
Google Play,21-08-2026 20:52:00,5,,"Don't know why but the trend chart of combined value of all MF removed from analytics in the last update, which was a crucial tool. Edit: now trends for individual MFs have been added, but not for the overall portfolio. Edit 2: the analytics have been restored and is better than the previous ones. Edit 3: if possible please add XIRR % and Absolute Returns % in a chart."
Google Play,21-08-2026 20:28:00,5,,good
Google Play,21-08-2026 19:10:00,4,,please add an option to gift mutual funds to family members. (mfcentral now allows this)
Google Play,21-08-2026 17:18:00,4,,good
Google Play,21-08-2026 15:29:00,4,,good
Google Play,21-08-2026 12:53:00,5,,Best app for comparing mutual funds. Quick insights to keep track of how your fund changed over the past 3 months.
Google Play,21-08-2026 12:16:00,5,,informative.The trading could easy in this app
Google Play,21-08-2026 10:01:00,5,,"There was a time when using the app felt like waiting for a tiny storm to pass. 🛟 Syncing could interrupt almost any action, and once it started, the app would become completely unresponsive. Opening, starting, stopping, or editing an entry could all trigger it. Then came the strange delay when stopping an entry—the extra seconds somehow ended up inside the entry. Now the storm is gone. Downloads are faster, stability is stronger, and everything feels calm again. 💙"
Google Play,21-08-2026 07:36:00,5,,simple secured
Google Play,21-08-2026 05:02:00,5,,Very Good App
Google Play,20-08-2026 22:57:00,5,,"A very good user friendly app, I ever seen a brokerage app like this ❤️❤️❤️"
Google Play,20-08-2026 19:42:00,1,,"never apply ipo through ind money, no notification received for UPI Mandate"
Google Play,20-08-2026 18:41:00,4,,I thinks this SIP is good for me.
Google Play,20-08-2026 16:01:00,5,,"I love🍁the app! But now download faster and more stable. Not to mention being unable to use the app when it's syncing because it literally stops responding until it's done. The app is soo much🏵️ faster download. You'd stop📀 an entry and it'd be several seconds before it'd actually stop and those extra seconds are added too the entry. This is syncing happens pretty much every time you open the app, start, stop, or edit an entry, so it was a real pain. Thank you so much to everyone algorithm!!"
Google Play,20-08-2026 13:29:00,5,,I love support
Google Play,20-08-2026 13:06:00,5,,👍 good 😊
Google Play,20-08-2026 12:54:00,3,,ऐप अच्छी है मगर लाइव कस्टमर सपोर्ट नहीं है (प्लीज़ लाइव कस्टमर सपोर्ट शुरू करे) चैट द्वारा सपोर्ट में टाइम वेस्ट होता है सही समय पर समाधान नहीं हो पाता है। इस प्लेटफ़ॉर्म का सबसे बड़ा ड्रॉबैक यही है।
Google Play,20-08-2026 11:14:00,5,,nice 👍 so better to fast money withdrawal on
Google Play,20-08-2026 10:43:00,1,,"Installed INDmoney yesterday and had a disappointing start. I tried adding the same nominee 3 times, but the nominee details appeared blank every time. Also, if the nominee has only a first name, the app gets stuck on the “Second Name” field and won’t let you proceed. These are basic validation and UX issues that should have been caught during testing. I switched from Kuvera expecting a better experience, but Kuvera feels more polished and reliable. Please fix these issues."
Google Play,20-08-2026 10:29:00,5,,ok
Google Play,20-08-2026 10:10:00,5,,Best App
Google Play,20-08-2026 09:19:00,3,,"App works very well, only issue is the exchange rates, if you deposit money to wallet, you have to pay ₹97 per dollar plus 245 gst, when you withdraw money you will get only ₹94.41 per dollar plus gst, so indmoney is earning morethan traders😁"
Google Play,20-08-2026 09:10:00,5,,good 👍
Google Play,20-08-2026 03:55:00,1,,"the app features r good .but letters font size very small . hard to see the numbers. though I hav increased font size in phone settings, but indmoney app font still the same.so no use in wasting my time trading here.better i switch to upstox or zerodha.evn groww app is also same. customer service is worst.they Speak only english Hindi.altogether long-term this app is not suggested..close the account ASAP. now the auto reply will say we understand ur concern.kindly e-mail to us [email]."
Google Play,20-08-2026 01:38:00,5,,good nice to
Google Play,19-08-2026 22:19:00,5,,very nice and easy operation
Google Play,19-08-2026 21:57:00,4,,nice
Google Play,19-08-2026 19:59:00,1,,I moved most of my trades from upstox to Indmoney because of lower rates on MTF and now they have increased MTF rates from 7% to 10%. I will now move back to upstox.
Google Play,19-08-2026 19:46:00,5,,very good
Google Play,19-08-2026 19:34:00,4,,फ्यूचर एंड ऑप्शन और कमोडिटी मैं ट्रेड लेते वक्त लिमिट प्राइस टारगेट प्राइस स्टॉप लोस इन ए सेट करने का विकल्प तेज और आसान होना चाहिए । अप तोड़ी स्लो है और फास्ट करने की जरूरत है और किसी भी प्रकार के एड न चलाई जाए
Google Play,19-08-2026 17:28:00,5,,Great
Google Play,19-08-2026 17:22:00,1,,Such a silly app. cant even show basic portfolio right. I am chasing them from two days to correct my US Stocks value. but they keep showing a day before trades already done at current value. totally distorted my P&L. Unable to assess the right value. No way to call them.
Google Play,19-08-2026 16:17:00,4,,"I love🌿 the app, especially after this improvement! Before, the app was soo much slower, and syncing happened pretty much every time you opened it, started, stopped, or edited an entry. It was a real pain because the app literally stopped responding until syncing was done. Stopping an entry could also take several seconds, and those extra seconds were added too. But now download faster and more stable. The app is soo⚡ much faster download, and the difference is easy to notice in everyday use."
Google Play,19-08-2026 14:59:00,5,,ok
Google Play,19-08-2026 13:46:00,5,,The only one you need in order to invest internationally.
Google Play,19-08-2026 12:21:00,5,,us mutual fund mein jama karne ke liye State Bank of India ko bhi sahmati den
Google Play,19-08-2026 11:41:00,5,,excellent
Google Play,19-08-2026 11:32:00,1,,"I have been investing in Mutual funds SIPs for months through this app, now it shows security maintenance for some days and i can't even login my account for days...it keep asking to restart the app but it fails every time. please review it ASAP or give me customer care number for your app to talk."
Google Play,19-08-2026 10:04:00,5,,good
Google Play,19-08-2026 09:50:00,4,,good and interesting
Google Play,19-08-2026 08:38:00,5,,Fan of this app.
Google Play,19-08-2026 07:17:00,5,,good
Google Play,18-08-2026 23:15:00,5,,nyc application
Google Play,18-08-2026 22:31:00,1,,एप्लीकेशन में सब कुछ आसान होनाचाहिए इंडियन भाषा को अप्रूव करना चाहिए सब कुछ समझ में आए ऐसा करना चाहिए इंडियन इन्वेस्टमेंट का बाढ़आ जाएगा अगर सबको भाषा समझ में सही से आजाएगा तो।
Google Play,18-08-2026 22:07:00,5,,Best App in India for Investment in USA Stocks !!!. Easy platform navigation and smooth trade execution at lighting speed.
Google Play,18-08-2026 21:06:00,5,,excellent app
Google Play,18-08-2026 20:34:00,5,,ok
Google Play,18-08-2026 20:33:00,4,,ind money is very batter platform invest in india stock muchal funds us stocks bonds FD in Rd very hing return on the past few years 📈📊 growing your money 💰
Google Play,18-08-2026 20:15:00,5,,very good
Google Play,18-08-2026 17:02:00,5,,"Looking back at the old experience, I really love🌿 the app even more now. The app is soo✨ much faster download, and the stability has improved a lot. This syncing happened pretty much every time you open the app, start, stop, or edit an entry, so it was a real pain. The app would literally stop responding whenever syncing started, and stopping an entry could take several seconds, with those extra seconds added too. But now download faster and more stable, so everything feels easier."
Google Play,18-08-2026 16:44:00,5,,super app investment super app good so good 👍😊👍
Google Play,18-08-2026 12:12:00,5,,awesome
Google Play,18-08-2026 10:07:00,5,,great app
Google Play,18-08-2026 02:43:00,3,,good
Google Play,18-08-2026 01:09:00,5,,awesome
Google Play,17-08-2026 22:46:00,4,,"good, but some times not working..."
Google Play,17-08-2026 21:33:00,4,,superb.....
Google Play,17-08-2026 20:56:00,4,,Brokerage is higher for low amount of investment in US stocks. Other things are very good.
Google Play,17-08-2026 20:36:00,1,,"I don't have an issue with the app, but with the process. It's a waste of time. They captured all ID proofs from me, yet they still ask for another proof one by one. I can't believe anyone is onboarded through this app. I tried 5+ times to complete KYC, but I think due to an app bug or process failure, they keep on asking for different ID proofs. They don't even consider the proof they accepted during video verification. I'm fed up and left them."
Google Play,17-08-2026 16:23:00,5,,ok
Google Play,17-08-2026 15:47:00,5,,nice 👍
Google Play,17-08-2026 13:41:00,4,,features are excellent... please upgrade the security features
Google Play,17-08-2026 11:48:00,1,,worst experience
Google Play,17-08-2026 09:30:00,5,,good
Google Play,17-08-2026 08:57:00,5,,good
Google Play,17-08-2026 00:25:00,4,,Nice
Google Play,16-08-2026 23:16:00,5,,good app
Google Play,16-08-2026 22:05:00,5,,super app
Google Play,16-08-2026 19:41:00,2,,good
Google Play,16-08-2026 18:53:00,5,,super app
Google Play,16-08-2026 14:38:00,5,,best app i ever used
Google Play,16-08-2026 13:56:00,5,,ok
Google Play,16-08-2026 11:55:00,4,,good
Google Play,16-08-2026 11:00:00,5,,Very good app for all services. Zero commission in almost most of the services. Very informative and helpful app for your all needs and uses.
Google Play,16-08-2026 06:11:00,4,,great
Google Play,16-08-2026 06:04:00,4,,great work for the people who looks forward😎
Google Play,15-08-2026 17:56:00,5,,good
Google Play,15-08-2026 14:40:00,5,,great 👍 0
Google Play,15-08-2026 12:09:00,3,,good 👍
Google Play,15-08-2026 10:05:00,5,,"I'm really impressed with the latest improvements. The app now runs faster, downloads complete in much less time, and everything feels more responsive. Thank you to everyone behind the algorithms! Previously, syncing interrupted nearly every interaction, making the app temporarily unusable until it finished. Every stopped entry also included extra waiting seconds that were added to the recorded duration."
Google Play,15-08-2026 01:41:00,1,,why the hell you only want the aadhaar to verify the KYC details.
Google Play,15-08-2026 00:52:00,5,,okay 👍 thanks 🙏
Google Play,14-08-2026 23:20:00,5,,nice app for investing. starters or learners can also easily understand the features available in the app. it has indian market and US market under two separate tabs.
Google Play,14-08-2026 17:30:00,1,,"horrible service, unprofessional support team, KYC is pending from 2 weeks and every time I reach out they send a link to fill the same kyc again and close the ticket"
Google Play,14-08-2026 16:55:00,5,,yeeee student ke liye bhut acha h
Google Play,14-08-2026 16:51:00,5,,"The latest version is a significant improvement over previous releases. The app opens faster, responds more smoothly, and downloads complete much quicker than before. Huge thanks to everyone behind the algorithms! Earlier, syncing happened during nearly every action, causing the app to stop responding until synchronization finished. Every stopped entry also gained several unnecessary seconds. Thankfully, those issues have been greatly reduced, making these apps much easier and more enjoyable."
Google Play,14-08-2026 08:40:00,1,,like everyone they also think Indians are fool and they make you fool best is kite keep your life simple
Google Play,14-08-2026 08:14:00,4,,please add upi option to add money in us stocks.
Google Play,13-08-2026 23:18:00,1,,no use of cashback forcefully asking to create a us stock account which is terrible...before we used to claim cashback for recharge
Google Play,13-08-2026 23:10:00,5,,super
Google Play,13-08-2026 20:31:00,5,,बहुत बढ़िया
Google Play,13-08-2026 16:51:00,5,,nice
Google Play,13-08-2026 14:24:00,5,,"Excellent app for investment in stocks as well mutual funds. Fast trading experience in option trading, stock trading. Very easy to use, easy to understand, easy to open demat account. In new update scalping mode is so smooth with advance tools. Please provide strategy builder with readymade strategy, payoff chart, probability of profit. F&O brokerage is only 5 Rs. I love this app"
Google Play,13-08-2026 13:24:00,5,,nice one app
Google Play,13-08-2026 13:16:00,4,,good
Google Play,13-08-2026 12:49:00,5,,best for beginners
Google Play,13-08-2026 11:11:00,4,,Good...best...better...
Google Play,13-08-2026 10:51:00,3,,Almost super app for all in one networth tracking. But needs improvement on Bonds holding tracking. The Gmail sync idea is not a permanent solution. I use Wint Wealth for bonds investing. Can you INDMoney collaborate with Wint Wealth team for seamless portfolio connection to INDMoney? That would be a huge improvement for perfect real-time bond tracking. 😋
Google Play,13-08-2026 10:47:00,5,,nice
Google Play,13-08-2026 10:10:00,5,,easy to useful 👌
Google Play,13-08-2026 09:53:00,3,,good
Google Play,13-08-2026 09:17:00,2,,The functionalities provided are good but UI seems to be a fancy app not user friendly
Google Play,13-08-2026 02:41:00,4,,good
Google Play,13-08-2026 00:26:00,4,,the app was great and very easy to use and tutorials section was great features
Google Play,12-08-2026 23:14:00,5,,Great
Google Play,12-08-2026 23:12:00,5,,"Amazing app! ⭐⭐⭐⭐⭐ The interface is simple, smooth, and easy to use. The features are really useful, and the overall experience has been great. Highly recommended! 👍"
Google Play,12-08-2026 22:28:00,5,,easy use 💯❣️
Google Play,12-08-2026 21:57:00,1,,"I am not able add money to my wallet for us stocks, it keep on saying move to somewhere with good network connection even when I am receiving the otp sms."
Google Play,12-08-2026 21:38:00,4,,Nice overall. two concerns - SGBs are getting categorized as Debt instead of Gold and there is no way to track external SIFs in your app.
Google Play,12-08-2026 19:32:00,5,,nice ♥️
Google Play,12-08-2026 18:55:00,1,,"It’s disappointing to see that the minimum amount for US stock investments through HDFC Bank has increased from ₹5,000 to ₹9,000. For investors who prefer to invest smaller amounts regularly, this is a significant inconvenience. This clearly indicates that it may be time for us to start looking for an alternative platform or banking option for our US stock investments. INDmoney should seriously consider addressing this issue with HDFC Bank, as such restrictions can push customers toward"
Google Play,12-08-2026 18:53:00,5,,"best app so far, transparent etc one request can it possible to customize the dashboard view what user like to see. on dashboard"
Google Play,12-08-2026 13:39:00,5,,nice app
Google Play,12-08-2026 12:38:00,4,,bond investment ka bhi option dijiye. give bond investment next update. thanks I love this app
Google Play,12-08-2026 11:08:00,4,,good
Google Play,12-08-2026 10:37:00,5,,excellent
Google Play,12-08-2026 10:17:00,5,,Bahut accha experience raha. SIP register karne ka process smooth aur easy tha. US and IND . ka SIP successfully register ho gaya. App user-friendly hai aur interface clean hai.
Google Play,12-08-2026 09:18:00,5,,"I barely recognize the old experience anymore! The app is soo🔥 much faster and feels dramatically more stable now. Previously, syncing would interrupt the app whenever you opened it, started something, stopped an entry, or edited a detail. Once syncing began, the whole app could freeze until it completed. Even stopping an entry wasn’t immediate, and those extra seconds could end up recorded as well. Now actions feel much quicker, the flow stays intact, and the app finally feels effortless."
Google Play,12-08-2026 09:02:00,1,,the process to create & verify Account I find it difficult.
Google Play,12-08-2026 07:29:00,5,,good eell
Google Play,12-08-2026 02:52:00,5,,easy to use
Google Play,12-08-2026 02:06:00,1,,"Customer support is excellent, resolved my issues with through follow-up; harsh & other team members followed it up in a smooth and helpful way. Just make delivery based trading free just like zerodha!!! Edit - The app UX has deteriorated with the app crashing 3-4 times before working normally as well as the main USP INDpay has become abysmal with no rewards on utility bills & credit card payments, only loaded with US Stocks gimmicks."
Google Play,11-08-2026 21:55:00,5,,awesome
Google Play,11-08-2026 21:19:00,5,,good 👍
Google Play,11-08-2026 20:51:00,5,,is aap mai investment bahut saral hai or aap ka paisa bhi safe hai investment growths and rech man
Google Play,11-08-2026 18:28:00,1,,cashback section is now showing in app!
Google Play,11-08-2026 18:21:00,5,,good
Google Play,11-08-2026 18:20:00,5,,it's simply awesome
Google Play,11-08-2026 17:15:00,1,,"castomar care has not any ind money they has a number only computeris talk nobody present parsone help desk meny problem issue present but not to be solve or guide tickit only like fake masseges there no any solving mainly catomar care services very very poor problem not tobe sove all good comments and review are paid colection , don't intrest or like review and comments , friends that time is possible to good review and this app paid some money"
Google Play,11-08-2026 17:06:00,1,,Using for US Stocks. I placed an order for a set target price and I selected for a 90 day validity. The app cancelled the order overnight. This is not the first time it's happening. Attempting to resolve through help or mIND bot doesn't work as the chatbot helpline freezes non stop.
Google Play,11-08-2026 14:30:00,5,,very good
Google Play,11-08-2026 13:13:00,4,,this is good
Google Play,11-08-2026 11:56:00,5,,best app
Google Play,11-08-2026 11:42:00,2,,Recent days I couldn't view past data (yesterday candle) in crude oil section. can you check and update it.
Google Play,11-08-2026 09:58:00,5,,thank you god
Google Play,11-08-2026 01:49:00,5,,(kumar gaurav ) alpc.ind client. for us and India both --------Firstly a big thanks to alpaca and ind team too ... I have been investing since couple of years .. if there's one thing any investor want is open info instead of. solo firm growth I felt ind and alpaca do have empathy and a sense of care above business. I hope this stays.. love you team ... keep up good job... God bless
Google Play,10-08-2026 21:54:00,5,,sooooooooooo goooooooood
Google Play,10-08-2026 21:48:00,5,,simple easy and reliable
Google Play,10-08-2026 21:33:00,4,,nice
Google Play,10-08-2026 19:19:00,5,,good
Google Play,10-08-2026 16:54:00,5,,"“Great app for investing in US stocks. Simple, easy to use and very helpful for beginners. Highly recommended! ⭐⭐⭐⭐⭐”"
Google Play,10-08-2026 16:48:00,5,,good 👍
Google Play,10-08-2026 13:43:00,1,,fake loan app
Google Play,10-08-2026 12:34:00,5,,good
Google Play,10-08-2026 09:55:00,5,,excited 😊
Google Play,10-08-2026 08:40:00,4,,I have great experience with the app except for the number of notifications we get per day. I am unable to turn off notifications for certain categories too which makes the user experience annoying at times for me. Please let choose customize or choose the type of notifications they choose to recieve.
Google Play,10-08-2026 01:26:00,5,,good 👍👍👍👍👍 going
Google Play,09-08-2026 23:58:00,5,,safe and simple to use
Google Play,09-08-2026 22:08:00,5,,start⭐
Google Play,09-08-2026 21:54:00,5,,This app is very good
Google Play,09-08-2026 21:50:00,5,,good
Google Play,09-08-2026 17:03:00,5,,Good app for everything for your investment all att one place
Google Play,09-08-2026 16:43:00,5,,great app
Google Play,09-08-2026 14:12:00,4,,excellent 👌👌
Google Play,09-08-2026 13:19:00,2,,"I had a very simple query regarding nre Vs nro account and have been waiting for the reply from IND Money CSR from past 10 days. no reply so far. Your app may be great but if you don't give option to customers to clarify their doubts in a quick manner, then what is the use. The chatbot is useless and keep giving generic answers"
Google Play,09-08-2026 12:11:00,5,,nice 👍
Google Play,09-08-2026 11:29:00,1,,"no able to use cashback and not able to earn any cashback during bill payment, very complex app to use cashback, already lost money in bill payments but not got any cashback"
Google Play,09-08-2026 11:18:00,3,,supar experience
Google Play,09-08-2026 10:07:00,4,,love ❤️ ind money
Google Play,09-08-2026 07:11:00,2,,there is a tracking error for external portfolio mutual funds fix that error
Google Play,09-08-2026 00:08:00,5,,Nice app
Google Play,08-08-2026 22:30:00,5,,super 👍🏻👍🏻 💯
Google Play,08-08-2026 19:01:00,1,,customer care number bhi nahin Hai mobile index aur auction ka chat nahin dekh sakte hain tips bhi clear nahin batate hain kaun si strike per kam karna chahie yah bhi Sahi apne aap nahin lagta Hai
Google Play,08-08-2026 18:22:00,4,,❤️👍👍😍 good
Google Play,08-08-2026 18:06:00,5,,super app
Google Play,08-08-2026 17:21:00,5,,good
Google Play,08-08-2026 14:33:00,5,,Good App system or mobile same condition working
Google Play,08-08-2026 12:58:00,5,,good job
Google Play,08-08-2026 12:33:00,1,,Pathetic
Google Play,08-08-2026 11:53:00,5,,best in the market with easy interface with advisory and all the data available
Google Play,08-08-2026 09:38:00,5,,excellent
Google Play,08-08-2026 09:29:00,5,,good service
Google Play,08-08-2026 09:24:00,5,,How can I withdraw money to my bank
Google Play,08-08-2026 05:22:00,5,,👍🏻
Google Play,08-08-2026 05:20:00,5,,very good 👍
Google Play,08-08-2026 01:45:00,5,,great experience so easy process. stock sell and purchase thank you ind money team 👍🏻
Google Play,08-08-2026 00:05:00,5,,Good 😊
Google Play,07-08-2026 23:57:00,5,,nice application
Google Play,07-08-2026 22:32:00,5,,I have been using IND money application for 2 years I would say it's a great application for managing financial things.
Google Play,07-08-2026 21:53:00,5,,good app
Google Play,07-08-2026 20:04:00,4,,"The app is very helpful, but In mutual funds there is no top up option like I can invest in all my different funds in a single transaction and I can choose how much top up I want to invest. this option is available on Paytm money. I like this option. I am waiting for this option in IND money."
Google Play,07-08-2026 19:08:00,1,,Pathetic. So confusing and congested interface that by mistake redeemed my folio that I wanted to redeem the least. Then you guys need to play hide and seek. Why when there's an issue he/she has to raise a ticket to get an assistance? Highly recommend to not use this platform.
Google Play,07-08-2026 18:13:00,1,,not working Link bank account
Google Play,07-08-2026 17:50:00,4,,"This update really changed the entire experience! The app is soo🔥 much more responsive, and you can feel the improved speed in every interaction, from opening it to completing tasks. Before, frequent syncing interruptions made everything feel slow, clunky, and sometimes even frustrating to deal with. It would constantly break your rhythm and reduce productivity. Now, the app runs in a much smoother and uninterrupted way, allowing everything to flow naturally without delays."
Google Play,07-08-2026 17:11:00,4,,awesome
Google Play,07-08-2026 16:16:00,5,,"I've had an excellent experience using INDmoney. The app is user-friendly, reliable, and makes investing simple, whether it's stocks, mutual funds, or other financial products. The interface is clean, transactions are smooth, and portfolio tracking is easy to understand. Overall, it's a great platform for both new and experienced investors. One feature I would love to see is dedicated cryptocurrency support. Adding the ability to buy, sell, and track crypto assets, along with live price updates,"
Google Play,07-08-2026 14:27:00,4,,investment made through indmoney app is not reflecting in MF Utility statement. Any reason?
Google Play,07-08-2026 14:22:00,5,,awesome experience
Google Play,07-08-2026 13:51:00,5,,best haii
Google Play,07-08-2026 13:19:00,1,,Is IND Money app pr Error aate hai or bahut jyada Leg karti hai .
Google Play,07-08-2026 11:19:00,5,,"The latest version is a significant improvement over previous releases. The app opens faster, responds more smoothly, and downloads complete much quicker than before. Huge thanks to everyone behind the algorithms! Earlier, syncing happened during nearly every action, causing the app to stop responding until synchronization finished. Every stopped entry also gained several unnecessary seconds. Thankfully, those issues have been greatly reduced, making the app much easier and more enjoyable."
Google Play,07-08-2026 10:56:00,5,,superb
Google Play,07-08-2026 10:50:00,5,,indmoney is very nice application
Google Play,07-08-2026 10:24:00,5,,excellent
Google Play,07-08-2026 10:05:00,5,,good app
Google Play,07-08-2026 09:27:00,5,,ecxelent
Google Play,07-08-2026 06:47:00,5,,A great app for investors
Google Play,06-08-2026 23:36:00,5,,good 👍
Google Play,06-08-2026 22:57:00,5,,😊👍
Google Play,06-08-2026 21:55:00,1,,"Asi App ka kya fayda jab Bitcoin Etf mei invest he nahi kar sakte , Bhen cho logo ko invest bhi nahi karne dete apni marzi se kaisi government hai yar ye are Indian stocks mei tu invest ke liye kitne apps hai koi ginti nahi hai , stock market ko bhi in logo ne.... [handle]"
Google Play,06-08-2026 21:20:00,5,,Excellent
Google Play,06-08-2026 21:15:00,2,,please add double chart in trading
Google Play,06-08-2026 21:14:00,5,,"very easy and smooth , best experience even for a novice."
Google Play,06-08-2026 20:39:00,5,,Good App.
Google Play,06-08-2026 20:30:00,1,,confusing.ihave uninstalled it. thankyou indmoney for all the confusion
Google Play,06-08-2026 19:15:00,5,,very good 👍
Google Play,06-08-2026 18:21:00,5,,good
Google Play,06-08-2026 18:02:00,5,,good
Google Play,06-08-2026 15:11:00,4,,"plz add sbi bank account for us Market, everyone waiting for that ,thank you, nice application , plz add stoploss option in premarket trading aslo , it very helpful to new & many people, so as soon as possible add it ,thank you"
Google Play,06-08-2026 14:36:00,3,,nice 👍🙂
Google Play,06-08-2026 12:53:00,3,,superb
Google Play,06-08-2026 09:54:00,5,,"very rarely I put any comments here, I have used the indmoney app and the desktop version is of the next level. I am very much impressed with the service and app UI they have provided. A 5 star is also less for me. 10 on 10 application and services. Thank you Indmoney team. thanks"
Google Play,06-08-2026 09:04:00,5,,very good
Google Play,06-08-2026 08:47:00,5,,nic
Google Play,06-08-2026 07:15:00,5,,pls add Bonds buying option
Google Play,06-08-2026 06:23:00,5,,good 👍
Google Play,06-08-2026 05:46:00,5,,it's really very nice and useful i suggest to all
Google Play,06-08-2026 01:53:00,4,,nice
Google Play,06-08-2026 00:45:00,2,,my account is not linked in indmoney from some technical issue please resolve them
Google Play,05-08-2026 23:32:00,4,,good
Google Play,05-08-2026 21:04:00,1,,"Not able to add external file for tracking. Tried several times on clicking Save, it is showing ""Something went wrong."""
Google Play,05-08-2026 20:35:00,4,,ok it's fine
Google Play,05-08-2026 19:49:00,5,,Good
Google Play,05-08-2026 19:41:00,5,,good
Google Play,05-08-2026 17:49:00,4,,I am Facing issue with Minor account creation
Google Play,05-08-2026 17:24:00,1,,Poor experience. They lent me money on pledged mutual funds. I linked my account for auto emi pay but they never deduct any amount in Autopay and charging penalty and interests every month. also no option for pre payment of my dues. It's a trap to lose money. I am taking this to the consumer forum or maybe SEBI to address these fraudsters.
Google Play,05-08-2026 17:02:00,5,,😶🙅plz don't use for trading my trade amount 84rs after sell trade full amount puls 3rs charges 0 charges told my overall add 155rs for trading but end of the day 37rs only withdrew
Google Play,05-08-2026 16:43:00,1,,fraud application he ye payment ziyada payment show karke sare payment khatam kardeti he login ke sath lone scam
Google Play,05-08-2026 11:31:00,5,,"I love the recent changes that you guys brought in. 1. I hold multiple accounts and the family dashboard is very helpful. Kudos to the analyst who designed it. 2. Showing tax calculation before selling now makes me not to rush into booking profits. 3. Portfolio stats are now good. Needs: 1. Easier way to login and buy/sell from multiple accounts. In Kite, I use password and mpin/fingerprint to authenticate into my family account. OTP is not friendly. 2. Portfolio, buy/sell advisors."
Google Play,05-08-2026 10:36:00,1,,Cheater company you cannot Utilise your Cashback reward for payment of your Bills or Recharge
Google Play,05-08-2026 07:01:00,5,,good
Google Play,05-08-2026 00:17:00,4,,"User Friendly, many options. I liked the net worth calculator feature."
Google Play,04-08-2026 23:20:00,5,,the best aap
Google Play,04-08-2026 23:00:00,4,,best app. ❤️ love you.
Google Play,04-08-2026 21:55:00,5,,good 👍
Google Play,04-08-2026 21:14:00,4,,good
Google Play,04-08-2026 20:00:00,5,,good app
Google Play,04-08-2026 19:28:00,5,,best app for invest in us stock
Google Play,04-08-2026 19:18:00,2,,"Smooth and fast UI. One suggestion: Can't see XIRR against individual US STOCKS, it only shows the XIRR against total stock value but not against each US STOCK. Kindly add the xirr details against INDIVIDUAL US STOCKS too."
Google Play,04-08-2026 18:40:00,5,,"Honestly didn’t expect this level of improvement! The app is soo✨ much faster now and feels way more stable and consistent. I actually enjoy using it again 🎯 Before, syncing would constantly interrupt and lock the app, making simple actions feel slow and annoying. It was frustrating how stopping an entry would add extra seconds. Now it responds instantly, flows naturally, and feels far more refined, making daily use smooth and stress-free 👍"
Google Play,04-08-2026 14:56:00,5,,good 👍😊
Google Play,04-08-2026 14:49:00,4,,"This app tracks the expenses, assets and liabilities to the full extent. However, it would be better to track the insurances via policy numbers."
Google Play,04-08-2026 13:45:00,5,,it was an excellent platform for mutual fund and stock markets ☺️
Google Play,04-08-2026 13:32:00,5,,nice
Google Play,04-08-2026 12:26:00,5,,good
Google Play,04-08-2026 11:53:00,2,,thanks for my last suggestion done. my next suggestion is jab bhi kici index se share ki detail dekho or back karo to directly bahar ho jate hai phir se index kholna padta hai.and last pls don't size bold and big kar digiye
Google Play,04-08-2026 11:52:00,5,,nice 👍👍👍
Google Play,04-08-2026 10:59:00,5,,very good platform all better clearly mentioned for your wishes sir
Google Play,04-08-2026 10:56:00,3,,"recently, a scroll is given at the top of the page which is very disturbing and annoying, unable to concentrate on page as the scrolling moves fastly and disturbing. please remove that scrolling patch on the top which moves like train."
Google Play,04-08-2026 10:32:00,5,,nice
Google Play,04-08-2026 10:22:00,5,,ok
Google Play,04-08-2026 08:51:00,5,,nice
Google Play,04-08-2026 08:49:00,2,,"useless...no granular analysis...it shows only urF list, invested amount and current value..which I already know"
Google Play,04-08-2026 08:37:00,4,,"Latest update spoile the fun, now can't see the profit and loss calender as it was visible earlier for each category...pls bring that option again"
Google Play,03-08-2026 23:47:00,5,,I have been using this app and in intraday order in fno sl tl not work while in delivery this option work precisely and also 5 rupees per order rule this is awesome looking forward to trade with you guys keep this up and today while the market has big gap up it suddenly no syncing price correctly please optimize
Google Play,03-08-2026 22:28:00,5,,so good stocks application
Google Play,03-08-2026 22:15:00,5,,Excellent
Google Play,03-08-2026 22:13:00,5,,best app in the Playstore for the shear market and trading sip UPI payment... etc i really love this app🤩🤩
Google Play,03-08-2026 21:29:00,5,,very friendly and informative
Google Play,03-08-2026 21:21:00,5,,nice
Google Play,03-08-2026 21:11:00,3,,"its expense tracker is inaccurate, i can see same transaction in multiple categories resulting in bloated expense numbers"
Google Play,03-08-2026 20:23:00,5,,stock market
Google Play,03-08-2026 15:56:00,1,,"they changed their reward redemption immediately, ylearlier you could pay cc bills but all of a sudden you can only invest them in us stocks, lost 2000 rs because of this, shame on them."
Google Play,03-08-2026 14:38:00,5,,great app
Google Play,03-08-2026 13:50:00,5,,super app
Google Play,03-08-2026 12:47:00,5,,excellent app work smoothly
Google Play,03-08-2026 12:17:00,4,,A really good app. I have been using this app for 2 years and it's really easy for people who are just greener in the Stock market. I think the app is really underrated.
Google Play,03-08-2026 11:10:00,1,,"This app communicated about the mobile recharge streak on WhatsApp and I followed the instructions and completed the recharge streak for 10 months. at the end of 10 months they gave cashback somewhere on the app without any communication on WhatsApp, gmail, mobile notification, etc. in the end, they are explaining why the customer is wrong and how it's customers mistake that they couldn't claim the reward. thank you for the pathetic customer experience."
Google Play,03-08-2026 11:06:00,1,,my money is stuck since 3 days after redeem which is 5600 rs why we trust this scam app if I invest 1 lakh rs then what will happen that time
Google Play,03-08-2026 10:05:00,1,,"Every time I refresh the Chart, Candles disappear why? all past candles completely Missing from the chart."
Google Play,03-08-2026 08:46:00,5,,"good app mf investment show aum wise feature available. smooth interface no lag, mf investment Great. carry on indmoney."
Google Play,03-08-2026 00:17:00,5,,very good 💯
Google Play,02-08-2026 22:34:00,5,,fantastic and lightening fast transaction
Google Play,02-08-2026 21:26:00,5,,okay
Google Play,02-08-2026 19:29:00,5,,good
Google Play,02-08-2026 18:47:00,5,,good
Google Play,02-08-2026 18:14:00,5,,okey
Google Play,02-08-2026 17:31:00,4,,gratitude to indmoney
Google Play,02-08-2026 14:45:00,5,,"One of best Platform for trading, SIP, investment in US stocks"
Google Play,02-08-2026 12:39:00,5,,good
Google Play,02-08-2026 10:04:00,3,,"Should have font in bold. very difficult to see on small mobile. Should include FDs in investment portfolio For mutual fund should provide sortino ratio, upside & downside capture ratios & Rolling returns vs benchmark"
Google Play,02-08-2026 08:55:00,5,,good
Google Play,02-08-2026 07:53:00,5,,excellent
Google Play,02-08-2026 03:43:00,4,,Gut 😊🦋
Google Play,01-08-2026 22:19:00,5,,very good app 😃😃
Google Play,01-08-2026 20:46:00,5,,good 💯
Google Play,01-08-2026 20:09:00,5,,nice
Google Play,01-08-2026 18:22:00,5,,i Just loves this app. the way they hears feedback from customers and upgrades app as soon as possible ☺️. best Team of INDmoney 😄. I Gave them 2 suggestions and they upgraded the App within 1 week . That's Awesome 👍🏼
Google Play,01-08-2026 17:55:00,5,,"I noticed the improvements immediately! 🌞 Performance is faster, downloads are super quick 🛰️, and the app feels more reliable than ever. Huge thanks to everyone behind the algorithms! Before these changes, syncing happened during almost every interaction 😕. It stopped responding until synchronization ended, and every stopped entry included several unnecessary seconds in the recorded time."
Google Play,01-08-2026 17:29:00,5,,good
Google Play,01-08-2026 16:15:00,5,,very well
Google Play,01-08-2026 15:37:00,1,,"worst app, very poor communication skills"
Google Play,01-08-2026 14:14:00,1,,"not able to secure account while creating federal account, even sim card in same mobile , internet is in active"
Google Play,01-08-2026 13:28:00,5,,excellent
Google Play,01-08-2026 09:34:00,3,,nice platform
Google Play,01-08-2026 08:53:00,5,,Best app
Google Play,01-08-2026 08:37:00,5,,good 👍
Google Play,01-08-2026 08:29:00,4,,very Helpful App
Google Play,01-08-2026 08:25:00,5,,very smooth and good ap
Google Play,01-08-2026 07:26:00,5,,This is the one. Superb from start to finish.
Google Play,01-08-2026 01:32:00,5,,mast ha
Google Play,01-08-2026 00:38:00,5,,this app indmoney highest market
Google Play,31-07-2026 23:14:00,5,,good
Google Play,31-07-2026 19:28:00,3,,Hindi mein nahin hai isliye
Google Play,31-07-2026 18:06:00,5,,best app suggest by Trade with vikas sir jaipur
Google Play,31-07-2026 17:52:00,4,,best platform
Google Play,31-07-2026 17:27:00,1,,"App is weird, it tells me adding funds has failed, my bank tells me it's processed, then days later the fund get successfully added. not sure if it's just the UI or inherent issue. the support too is garbage."
Google Play,31-07-2026 16:19:00,5,,my favourite app
Google Play,31-07-2026 15:06:00,5,,excellent plateform
Google Play,31-07-2026 15:06:00,5,,weldone this app
Google Play,31-07-2026 14:37:00,5,,good
Google Play,31-07-2026 12:04:00,1,,I think indmoney is leaking consumer data to third parties when ever I installed this app and login I get 2 to 3 call from fraudsters when ever I uninstall this app i will not get any call from any app. don't use this app they are leaking data of their consumer
Google Play,31-07-2026 11:30:00,1,,I installed this app to get a credit card bill payment cashback. But please don't use this app. First the cashback itself is very less and that cashback can only be used for US stocks portal for investment or something. We cannot use that cashback for our day to day use. Don't waste your time here and go for other apps.
Google Play,31-07-2026 09:24:00,4,,running smooth
Google Play,31-07-2026 09:10:00,5,,very nice 👍
Google Play,31-07-2026 01:40:00,5,,"Filing ITR-2 used to be complex and expensive, but INDmoney made it effortless and completely free. Very clean interface and easy step-by-step guidance"
Google Play,31-07-2026 00:37:00,2,,😍
Google Play,31-07-2026 00:24:00,5,,Excellent App for investments and trading
Google Play,30-07-2026 23:29:00,5,,good
Google Play,30-07-2026 21:36:00,5,,super
Google Play,30-07-2026 20:06:00,5,,wonderful
Google Play,30-07-2026 19:37:00,5,,very bast ❤️🥰
Google Play,30-07-2026 19:25:00,5,,Best application for all investments be it Indian equities or US ETFs.
Google Play,30-07-2026 18:21:00,5,,thanks this aap for biggner
Google Play,30-07-2026 16:51:00,4,,"somedays ago face UPI issue , indmoney customer care resolved my issue faster, i recommend this app to people use indmoney UPI payment and get cashback"
Google Play,30-07-2026 16:23:00,5,,better
Google Play,30-07-2026 15:48:00,5,,ok
Google Play,30-07-2026 15:15:00,1,,No help center number. I want to change the registered email id due to which I am unable to login to the app.
Google Play,30-07-2026 14:59:00,4,,it very good because of it simple course and interface
Google Play,30-07-2026 13:50:00,1,,They shared my number with fake loan apps as I did not pitcked up their call.
Google Play,30-07-2026 13:24:00,5,,Very Good interface!
Google Play,30-07-2026 12:55:00,5,,I would kiss the developer who finally thought of coding the app for a tablet.......thanks a ton
Google Play,30-07-2026 11:37:00,1,,very poor this app wrong data analysis cashback services is deactivated
Google Play,30-07-2026 10:28:00,5,,good
Google Play,30-07-2026 10:18:00,5,,good
Google Play,30-07-2026 09:07:00,5,,😊 a lots
Google Play,30-07-2026 08:50:00,5,,Fabulous App
Google Play,30-07-2026 08:13:00,5,,good
Google Play,30-07-2026 07:15:00,4,,good
Google Play,30-07-2026 03:28:00,2,,poor customer support for NRIs
Google Play,29-07-2026 23:37:00,1,,deleted this app after i checked that all customer care numbers even the top escalation phones are alllll fake...waste of time don't trust also it will track your bank data not just store the details ..it uses your data..very fraudulent
Google Play,29-07-2026 23:04:00,1,,"Worst customer support experience. Whenever you raise an issue, each support ticket takes 2–3 months, and even then, there's no resolution.I would recommend avoiding this app and choosing a more reliable alternative with better customer support."
Google Play,29-07-2026 23:04:00,5,,super
Google Play,29-07-2026 21:59:00,5,,Nice
Google Play,29-07-2026 20:03:00,4,,good
Google Play,29-07-2026 17:40:00,1,,"The cashback feature within the application appears to be misleading to investors. While cashback is offered, its utilization by the platform is opaque, making it impossible for users to track how these funds are applied. It is advisable to exercise caution and avoid relying on this cashback facility."
Google Play,29-07-2026 17:27:00,2,,please remove the distraction of ind social and don't force your product on customer by distracting them through the moving bell icon. It's my serious advice to you either remove it or it will lead to your downfall and closure.
Google Play,29-07-2026 16:28:00,5,,good app
Google Play,29-07-2026 15:15:00,5,,👍
Google Play,29-07-2026 14:04:00,1,,Abhi tak balance miss match hai no update aisi ghatiya service hai kitna mail dala hai is sa acha to sarkar ka kaam hai kitna 0.01 ka hisab mang raha hu koi 1 lakh ka nhi jo update nhi mil rahi hai mujhe
Google Play,29-07-2026 13:43:00,5,,Good flatform
Google Play,29-07-2026 13:22:00,5,,good app
Google Play,29-07-2026 12:55:00,3,,good very
Google Play,29-07-2026 09:53:00,4,,very good
Google Play,29-07-2026 08:15:00,2,,I like
Google Play,29-07-2026 06:21:00,4,,"more like a bug i have added money using axis in US stock, on US home it says hdfc processing is running delay ."
Google Play,28-07-2026 22:09:00,5,,"INDmoney offers an intuitive interface and comprehensive investment tracking, making it easy to manage stocks, mutual funds, and other financial assets. While the platform is feature-rich, improvements in customer support and faster issue resolution would make the experience even better."
Google Play,28-07-2026 21:07:00,5,,good 👍👍👍👍
Google Play,28-07-2026 20:11:00,5,,"awesome app india and US Marketing investing, all at one place. love this app and interface."
Google Play,28-07-2026 19:51:00,5,,The ITR filling feature is a gamechanger. truly thankful for making it and also keeping it free. thank you!
Google Play,28-07-2026 19:51:00,3,,Finance management apps should never open directly using phone's password or pattern. This is major flaw in this app. Introduce mandatory seperate pin for opening the app
Google Play,28-07-2026 19:28:00,1,,vary bad
Google Play,28-07-2026 17:44:00,5,,"it was good use and the update about the stocks useful,"
Google Play,28-07-2026 17:42:00,5,,All in one platform with US & IND stocks and also free and easy ITR filing which was the best part
Google Play,28-07-2026 15:15:00,5,,Good app great
Google Play,28-07-2026 15:03:00,5,,super
Google Play,28-07-2026 13:43:00,5,,"What started as my go-to platform for Mutual funds and US stocks has quickly turned into my primary money management tool. The sheer feature set is incredible - I can track my external banks accounts and NPS portfolio and open FDs all in one place. On top of that, handling daily utility bills and UPI payments directly on the app with cashback reward is a massive bonus."
Google Play,28-07-2026 11:57:00,3,,👍 good App
Google Play,28-07-2026 06:11:00,3,,"The app is good but can be better. Here are my few suggestion. Networth section does not include other section like cash and side hastle. Also for NPS instead of asking of gmail access ( which any cyber aware person will not provide) can be fetched from NSDL directly. also there are EPF contributer whose epf is managed by Trust for them fetching EPF will bring nothing, so provide manual option to add."
Google Play,27-07-2026 23:54:00,5,,good
Google Play,27-07-2026 22:55:00,5,,Friendly Aap
Google Play,27-07-2026 22:30:00,5,,gud
Google Play,27-07-2026 21:15:00,3,,ok
Google Play,27-07-2026 20:47:00,5,,To simple and easy to use this app.
Google Play,27-07-2026 20:24:00,5,,Thank you
Google Play,27-07-2026 18:24:00,4,,Kindly Add UPI or more bank to add fund in US stocks buy
Google Play,27-07-2026 16:52:00,5,,very very happy.
Google Play,27-07-2026 14:18:00,5,,very good treding app good experience
Google Play,27-07-2026 14:08:00,5,,good shear market ind aap
Google Play,27-07-2026 12:31:00,5,,amazing task 👏
Google Play,27-07-2026 12:11:00,5,,good investing India app
Google Play,27-07-2026 11:26:00,5,,mast ha
Google Play,27-07-2026 11:01:00,4,,good broker
Google Play,27-07-2026 10:42:00,4,,simple and clear recommendations on MF regular vs Direct
Google Play,27-07-2026 10:36:00,4,,ok
Google Play,26-07-2026 22:15:00,5,,All the best 👍
Google Play,26-07-2026 21:30:00,3,,"This is useful, but home loans are not synchronised and are not able to add manually... because of this lack, all financial details are not able to be monitored all together in one application The aim of this application is not fullfill because of home loan, please check and update"
Google Play,26-07-2026 16:58:00,5,,"wide range of services,easy to use."
Google Play,26-07-2026 15:41:00,5,,Finally now can trade with trading view♥️♥️
Google Play,26-07-2026 13:37:00,5,,nice
Google Play,26-07-2026 13:22:00,4,,super
Google Play,26-07-2026 02:03:00,1,,"jo cashback hum earn kiye hai, uska karna kya hai, use kyu ho raha? ya fir 2027 me uska achar yane pical dalna hai"
Google Play,26-07-2026 01:24:00,5,,great app
Google Play,26-07-2026 00:39:00,5,,good very good app
Google Play,25-07-2026 23:10:00,2,,"With incomplete Tax return Fields/ ITR filling option, then say 100% Free, but it's not. cheap advt trick IND MONEY, income from Business cannot be added. Wasted my time."
Google Play,25-07-2026 22:30:00,5,,very good
Google Play,25-07-2026 22:16:00,5,,nice
Google Play,25-07-2026 17:53:00,4,,Good 👍😊
Google Play,25-07-2026 14:08:00,5,,"The recent improvements are very impressive!. Kudos to the technical team. One quick suggestion: Please include a search option in mystocks/myholdings screen. It will save the time to identify a particular stock during the market Hours. Otherwise one need to scroll up/down to identify a specific stock in their portfolio on the go, this will make the search easy in case of more than 50/100 of stocks present in a portfolio."
Google Play,25-07-2026 13:54:00,5,,good
Google Play,25-07-2026 13:01:00,1,,"After using it for a while, I feel this app has a lot of glitches, and the customer service and other services offered are also really bad. Highly disappointed."
Google Play,25-07-2026 10:58:00,5,,For me the best app as of now. Investing in Gold EGR is still not available here. I hope they bring it in future. One way you can increase is by having Customer Service via Call instead of Chatbots. Rest 5 star ⭐
Google Play,25-07-2026 08:31:00,3,,good
Google Play,25-07-2026 07:06:00,1,,this app is showing wrong conversion rate in us stocks and last 2 week it's shows wrong value. very worst app.
Google Play,25-07-2026 03:25:00,3,,good
Google Play,25-07-2026 00:11:00,5,,nice 👍
Google Play,24-07-2026 22:00:00,1,,nice
Google Play,24-07-2026 19:53:00,5,,nice appa
Google Play,24-07-2026 17:14:00,5,,Good 👍 👍 👍
Google Play,24-07-2026 17:06:00,3,,federal Bank account not able to open. not able to get otp after entering aadhar number
Google Play,24-07-2026 13:21:00,2,,fraud in the name of cashback they gave me cashback but only redeemable if I add 5000 in us stocks.
Google Play,24-07-2026 11:28:00,5,,great
Google Play,24-07-2026 09:04:00,5,,Excellent
Google Play,24-07-2026 05:50:00,4,,nice
Google Play,24-07-2026 02:37:00,5,,nice
Google Play,24-07-2026 00:34:00,5,,Good app...
Google Play,24-07-2026 00:03:00,2,,Unable to download past years Tax report FY 24-25 tried multiple times ye still not able to get it. email and chat bot support is useless
Google Play,23-07-2026 21:20:00,1,,Review after one year of use. plenty of glitches in the app with no transperancy rapidly deteriorating customer care. Feel unsafe with such platforms. Buying any MF is a big headche on this platform.
Google Play,23-07-2026 20:58:00,5,,thanks to indmoney .. excellent 👍
Google Play,23-07-2026 20:12:00,5,,excellent
Google Play,23-07-2026 18:02:00,5,,very easy to use
Google Play,23-07-2026 16:40:00,4,,good
Google Play,23-07-2026 14:03:00,5,,Good and Honest Way to Envesting for wealth growth
Google Play,23-07-2026 13:11:00,5,,nice
Google Play,23-07-2026 12:43:00,5,,gud
Google Play,23-07-2026 12:30:00,5,,super
Google Play,23-07-2026 09:06:00,5,,received valuable information
Google Play,23-07-2026 07:54:00,5,,good
Google Play,23-07-2026 07:51:00,5,,good 😊
Google Play,23-07-2026 07:36:00,5,,good
Google Play,22-07-2026 23:47:00,1,,refer and aur earn the amount is not showy in the app and no helpline number in this apl
Google Play,22-07-2026 22:08:00,3,,good
Google Play,22-07-2026 21:37:00,5,,excellent 👍
Google Play,22-07-2026 20:48:00,4,,"Great experience of syncing ll your portfolio in one place, investing. But want more from your great team. Allow user to add multiple mobile numbers for same users for them to sync all together. Allow user to add family member with same mobile number to sync their portfolio as well."
Google Play,22-07-2026 12:43:00,5,,Good
Google Play,22-07-2026 11:35:00,5,,By far the best all-rounder finance app amazing
Google Play,22-07-2026 10:16:00,4,,good algoridhum
Google Play,22-07-2026 09:57:00,5,,very nice
Google Play,22-07-2026 09:46:00,5,,good
Google Play,22-07-2026 08:51:00,5,,nice👍
Google Play,22-07-2026 06:41:00,5,,it's a very good platform for investment and normal transactions....no much complications and transparency in every details.
Google Play,21-07-2026 23:57:00,1,,"When Dollar to INR is 96, they provide 94 for $1."
Google Play,21-07-2026 22:17:00,4,,lot of confusions in linking the bank account. I have not able to make even a single transaction till date because of the issues in the linked icici bank account. if I click add money and enter amount select icici and proceed that's it. we will not get the icici login page forever. not sure if it is only for icici. but they have very limited number of banks and no support for upi for US stock trading. Updated 2 to 4 Star: The indmoney team responded to my comment here and rectified the issue 👍
Google Play,21-07-2026 22:11:00,4,,"I loved this, add dual screen for scalper mode, also add kill mode option for f&o"
Google Play,21-07-2026 22:06:00,5,,good
Google Play,21-07-2026 20:40:00,1,,"they first give you the option via notification and email to file ITR on our behalf, but after fetching all our financial intricate details, they leave you in the limbo with no option to undo anything cuz they've already got what they wanted. -+_)#&&[handle] and it's a pity that we've got our tertiary investment option on this laggard for customer platform 👎🏼"
Google Play,21-07-2026 20:33:00,5,,very nice
Google Play,21-07-2026 19:18:00,5,,ok
Google Play,21-07-2026 17:07:00,5,,"Syncing once felt like more than just a background process, interrupting things exactly when you expected them to be instant. I love🍁 the app! But now download faster and more stable. The app is soo much 🫖faster download compared to before. Earlier, stopping an entry came with a delay, and those extra seconds kept building without control. Not to mention the app becoming unresponsive until syncing completed. In the end, thanks to everyone algorithms for refining it."
Google Play,21-07-2026 14:43:00,3,,"i had some issues getting credit for my forex deposit from bank. it took about a month to get that credit available for withdrawal. There were some communication gaps from support team to resolve this issue. Besides that there has been no issues trading US stocks. lots of app improvement is needed which will eventually make things better, however looking at ease of operation and customer support i have rated 3 star."
Google Play,21-07-2026 14:38:00,5,,very good
Google Play,21-07-2026 14:00:00,5,,ok
Google Play,21-07-2026 13:48:00,5,,fast safe and easy
Google Play,21-07-2026 05:41:00,5,,good 👍
Google Play,20-07-2026 22:14:00,5,,👍👍🙂🙂
Google Play,20-07-2026 20:06:00,5,,super
Google Play,20-07-2026 19:03:00,5,,amazing app
Google Play,20-07-2026 18:29:00,1,,ind money chart other broker ke mutabik late reflect karta ha jisse trade mein problem aata Ha
Google Play,20-07-2026 17:53:00,5,,गुड
Google Play,20-07-2026 17:41:00,5,,convenient
Google Play,20-07-2026 12:56:00,1,,Cashback balance use nhi ho rha hai recharge and bill payment krenge par .
Google Play,20-07-2026 12:46:00,5,,nice news Good information
Google Play,20-07-2026 11:33:00,5,,very very good and happy
Google Play,20-07-2026 09:06:00,1,,"shows wrong data and fails to fetch realtime EPF data, always says EPF Server is down but is not true, your system is failure"
Google Play,20-07-2026 08:29:00,4,,good 👍👍
Google Play,20-07-2026 07:09:00,3,,"dashboards are not clear,"
Google Play,19-07-2026 22:20:00,5,,excellent Teaching
Google Play,19-07-2026 14:41:00,4,,Why Jio Blackrock products not available in Indmoney platform?
Google Play,19-07-2026 13:27:00,5,,good
Google Play,19-07-2026 12:43:00,1,,I am not able to add extra amount in mutual fund which I have. app is asking me that you need to send sms which I did and OTP is also coming but app is saying OTP is not coming
Google Play,19-07-2026 08:11:00,1,,"Stop treating your users like test subjects for your pathetic A/B testing. The constant, unnecessary UI changes are driving me away, especially since they bring so many bugs with them. The most glaring issue right now is the home page: simply scrolling causes the app to automatically click into random items. It’s an idiotic bug that makes the app completely unusable. Test your updates properly before forcing them on users."
Google Play,19-07-2026 01:53:00,3,,average
Google Play,18-07-2026 22:28:00,5,,super
Google Play,18-07-2026 21:20:00,5,,The investing experience has been consistently smooth..
Google Play,18-07-2026 16:41:00,5,,excellent
Google Play,18-07-2026 14:37:00,5,,super app
Google Play,18-07-2026 13:06:00,5,,good
Google Play,18-07-2026 11:48:00,4,,super and easy to invest
Google Play,18-07-2026 07:44:00,5,,good
Google Play,18-07-2026 06:49:00,1,,very bad my f&o activation fell dikha raha h 15 days ho gaye h or na koi rekyc ka option dikha raha h
Google Play,18-07-2026 06:33:00,4,,Best App
Google Play,18-07-2026 00:51:00,5,,good
Google Play,17-07-2026 21:08:00,5,,super duper app and reilay best
Google Play,17-07-2026 19:55:00,5,,excellent
Google Play,17-07-2026 19:32:00,5,,good
Google Play,17-07-2026 19:25:00,1,,"Abysmal ekyc verification process. You get interrogated like you're a criminal on video call, which they record and ask very personal details, and then you get told that their system can't match your face with the pan card. This is not how you get investors to invest."
Google Play,17-07-2026 17:39:00,5,,Good
Google Play,17-07-2026 16:43:00,5,,"There was always that slight hesitation, like the app needed time to process even the simplest actions because syncing stepped in. The app is soo much faster download. I love💮 the app! But now download💿 faster and more stable, which makes a noticeable difference. Before, you'd stop an entry and still be left waiting while extra seconds quietly stacked up. Not to mention the complete freeze while syncing ran in the background. This is syncing 🌼happens nearly every time you interact."
Google Play,17-07-2026 16:34:00,1,,not possible to withdraw earned reward i am going to uninstall it
Google Play,17-07-2026 16:11:00,4,,good app
Google Play,17-07-2026 15:32:00,1,,RIP Cashback. Promoting to open bank account in private sector so that user can utilise cashback by making transaction in foreign share market then user will have cashback. So please keep your cashback to yourself let uninstaliing indmoney from our mobile.
Google Play,17-07-2026 14:58:00,1,,fake app .useless cashback do not invest in this app 😡😡😡
Google Play,17-07-2026 12:33:00,5,,nice 👍🏻
Google Play,17-07-2026 12:12:00,5,,Really helpful to manage my stocks at a single place
Google Play,17-07-2026 10:12:00,5,,The best comprehensive allrounder app so far I've tested. But lacking the AI review and support like hdfc sky has
Google Play,17-07-2026 09:56:00,1,,very bad app
Google Play,17-07-2026 08:55:00,5,,Basics are going to understand
Google Play,17-07-2026 08:24:00,4,,all services are good. just build a easier way to connect customer suipport. like direct cusstomer support number.
Google Play,17-07-2026 03:49:00,1,,faltu hai
Google Play,17-07-2026 01:33:00,3,,Nice app
Google Play,16-07-2026 22:04:00,5,,super
Google Play,16-07-2026 22:01:00,1,,"There customer support sucks, they have created some random chatbot which neither gives correct answer nor raise it to real people, it's going in a loop, very frustrating"
Google Play,16-07-2026 21:57:00,1,,Heavy Hidden Brokerage Eat Your Gain Slowly.
Google Play,16-07-2026 21:42:00,5,,good experience
Google Play,16-07-2026 21:23:00,5,,ಇದು ಎಲ್ಲಾ ಆಫ್ ಗಿಂತ ಇದು ಬೆಸ್ಟ್ ಅಪ್
Google Play,16-07-2026 19:18:00,5,,good app
Google Play,16-07-2026 18:57:00,5,,There have been indian stocks tracking issues for the past 1 year. still not resolved Edit: seems issue is currently resolved
Google Play,16-07-2026 17:00:00,5,,very good App with all at one place
Google Play,16-07-2026 14:55:00,5,,nice
Google Play,16-07-2026 13:13:00,5,,awesome
Google Play,16-07-2026 12:10:00,5,,good for us stock
Google Play,16-07-2026 11:40:00,1,,worst app don't download it talking too much time it was saying first 13th jluy to credit money in us broker then extended 15th jlu and now extended 17th jluy worst app use another broker
Google Play,16-07-2026 10:42:00,1,,this is app is very difficult steps and very dangerous is money loser 😳
Google Play,16-07-2026 09:54:00,5,,excellent app .. hai everyone use us .
Google Play,16-07-2026 00:03:00,5,,"Excellent App , Tracking Family and all wealth and investing."
Google Play,15-07-2026 22:24:00,4,,ok
Google Play,15-07-2026 22:24:00,5,,best
Google Play,15-07-2026 22:00:00,2,,Nice
Google Play,15-07-2026 21:46:00,1,,please developer add favourite mark in drawing tool.
Google Play,15-07-2026 20:27:00,5,,nice and good for economics
Google Play,15-07-2026 19:57:00,5,,best
Google Play,15-07-2026 19:53:00,5,,super 👌🏿
Google Play,15-07-2026 19:18:00,4,,very good app
Google Play,15-07-2026 19:16:00,5,,very nice
Google Play,15-07-2026 19:06:00,5,,super fast
Google Play,15-07-2026 19:06:00,5,,it's a great app
Google Play,15-07-2026 18:55:00,5,,Excellent App
Google Play,15-07-2026 18:00:00,4,,All in One Fintech app
Google Play,15-07-2026 16:47:00,1,,Full of spam....avoid...trying to sell loans all the time
Google Play,15-07-2026 15:55:00,5,,Great experience overall.
Google Play,15-07-2026 14:27:00,5,,good
Google Play,15-07-2026 12:28:00,5,,feel comfort
Google Play,15-07-2026 10:48:00,5,,Excellent 👌
Google Play,15-07-2026 01:55:00,5,,good
Google Play,14-07-2026 23:33:00,5,,super
Google Play,14-07-2026 22:29:00,5,,very good app.easy to operate.
Google Play,14-07-2026 18:28:00,5,,"It is really refreshing to notice such a strong improvement. 🚀 The app now feels incredibly smooth, downloads are much faster 💿, and overall stability has improved significantly. Huge thanks to everyone behind the algorithms for making this happen! Earlier, syncing would occur almost every time I opened the app, started or stopped an entry, or edited something 😩. The app would freeze completely until syncing finished, and stopping an entry always added several extra seconds automatically."
Google Play,14-07-2026 16:42:00,3,,help full for beginners
Google Play,14-07-2026 14:05:00,2,,"i am unable to unpause the SIP, when I click on the paused SIP the app instantly closes. Please fix this issue ASAP."
Google Play,14-07-2026 13:26:00,5,,good 👍
Google Play,14-07-2026 12:58:00,5,,Excellent customer service
Google Play,14-07-2026 11:41:00,5,,good
Google Play,14-07-2026 11:31:00,1,,ham bhi use Kana sikhao
Google Play,14-07-2026 10:46:00,1,,"worst app ,not support customer problem only assistant ai available"
Google Play,14-07-2026 09:36:00,1,,"I am earned 25/- Cashback through Credit card bill Payment but without my permission that amount was added to us Reward account why , Iam unable to use that cashback for paying Credit card bill Payments and iam receive referral cashback 150/- also that amount was also added to US Reward pot Account, Previously Cashback useful for credit card bill Payments, Please clearly Show in the Banner Cashback is not Useful For Next Bill payments : don't confuse the customers,totally waste of my money"
Google Play,14-07-2026 08:48:00,1,,suddenly it activated the demat account by forcing some kyc process. also cashback award stopped for reuse in any bill. kindly let me know how to close completely without further delay.
Google Play,14-07-2026 08:33:00,1,,wallet Paisa use nahin Kar paye very bad 😞 very bad application
Google Play,14-07-2026 02:46:00,1,,not helpful customer Service i invested money in us market but not able to withdraw money when i needed not email team is supporting nor chat i dont even have time in business day to call the customer service so dont invest via indmoney
Google Play,14-07-2026 00:22:00,5,,good
Google Play,13-07-2026 23:13:00,5,,good 👍
Google Play,13-07-2026 22:19:00,1,,"Your support has been completely unhelpful. I've tried every method suggested by your support AI, but there is still no option to delink an external mutual fund in my Android device. This is a basic account management feature that users should have. It's frustrating that your app includes so many unnecessary features while missing something as essential as allowing users to delink external mutual funds."
Google Play,13-07-2026 21:21:00,5,,"thank you Indmoney for one in all investment platform.,MF, EQUITY,FNO, COMMODITY,US STOCKS ETC"
Google Play,13-07-2026 21:13:00,5,,best
Google Play,13-07-2026 20:29:00,5,,all in platform 🤩
Google Play,13-07-2026 19:57:00,4,,good
Google Play,13-07-2026 19:27:00,5,,excellent 👌 👍
Google Play,13-07-2026 18:37:00,1,,ye app investment ke liye Thik hoga par INTRADAY TRADING trading Jaise tuff aur highly risky jaise kaam ke liye ye app nahi hai FYERS Aur DHAN Jaise app hi thik hai
Google Play,13-07-2026 18:22:00,5,,good
Google Play,13-07-2026 18:14:00,5,,good
Google Play,13-07-2026 17:46:00,5,,The issue fixed now !
Google Play,13-07-2026 17:30:00,3,,my fund is stuck in the Federal Bank in indmoney app and customer care still not solving my problem no otp is receiving through federal Bank login otp
Google Play,13-07-2026 17:01:00,5,,nice
Google Play,13-07-2026 17:01:00,4,,great 👍
Google Play,13-07-2026 14:22:00,5,,good stock market
Google Play,13-07-2026 14:09:00,5,,good service 👍
Google Play,13-07-2026 13:50:00,1,,worst app. it is totally cheater. they don't pay money back . even don't pay the agreed rewards also total waste app and loss of money don't even think to use it. Play store should start negative rating for such app. one star is not their worth at all
Google Play,13-07-2026 13:49:00,4,,nice
Google Play,13-07-2026 13:21:00,5,,"At times, even a simple stop action turned into a waiting game because of those extra seconds being added anyway. I love🍁 the app! But now download faster and more stable. The app is soo much 🫖faster download. Not to mention syncing making the app unresponsive until it completed, which made everything feel stuck. This is syncing😘 happens so frequently during use that it became noticeable. In the end, thank you so much to everyone algorithms for making it smoother now."
Google Play,13-07-2026 13:06:00,4,,poor customer service
Google Play,13-07-2026 12:26:00,5,,good
Google Play,13-07-2026 12:10:00,4,,Good
Google Play,13-07-2026 11:37:00,5,,"I really love how the app works now! Before, syncing felt like a constant interruption during almost every action. Opening the app, starting an entry, editing one, or stopping one would often trigger another sync process. During those times, the app became completely unresponsive until everything settled down. Even worse, stopping an entry added extra seconds that still counted. Thankfully, downloads are now faster, stability is stronger, responsiveness has improved, and the overall experience."
Google Play,13-07-2026 06:56:00,5,,good
Google Play,13-07-2026 06:37:00,5,,Great app for investment but please make it suitable for tablet interface. As it doesn't show proper data in Tablet.
Google Play,12-07-2026 21:37:00,5,,good service
Google Play,12-07-2026 16:21:00,5,,excellant service
Google Play,12-07-2026 14:27:00,1,,"first it was good but when I wanted to delete my account then their partnered bank is no where to communicate... I emailed several times to delete my account but it never happened but u will receive a mail saying it's done and the app will say we can't do anything....so time consuming, irritating"
Google Play,12-07-2026 13:32:00,2,,is app pr koi bhi company ka share sahi price pr nhi rehta aur share pr ahar bhad raha toh aapke share ka price nhi bhadega
Google Play,12-07-2026 12:53:00,5,,5tu5 indmoney good app. i love you indmoney
Google Play,12-07-2026 07:07:00,5,,An excelent and very convenient app for your investment journey i whould highly recomend you to try IND money
Google Play,12-07-2026 00:28:00,5,,awesome
Google Play,11-07-2026 15:24:00,4,,"app is fine. But I want one other section (event's) by I can see all the past and upcoming events like dividend,bonus, split shares and all"
Google Play,11-07-2026 13:39:00,1,,This app does not allow all types of bank accounts for investing.
Google Play,11-07-2026 09:53:00,1,,this app recently not working properly. we are unable to update the bank balances and cannot able to track all investments. this is useless app. I will give 1 out of 5 stars. I uninstalled this app
Google Play,11-07-2026 06:45:00,5,,good
Google Play,11-07-2026 01:50:00,5,,please add upstox option to fetch Indian stocks and F&O trades in itr filing
Google Play,11-07-2026 00:25:00,5,,Excellent app with easy-to-understand lessons and a great learning experience. Highly recommended for beginners in investing and trading.
Google Play,10-07-2026 23:32:00,5,,best app India stock market
Google Play,10-07-2026 21:47:00,5,,Excellent
Google Play,10-07-2026 21:34:00,5,,good
Google Play,10-07-2026 19:43:00,4,,I love dis
Google Play,10-07-2026 19:43:00,5,,The developers have done a great job creating the app.
Google Play,10-07-2026 19:42:00,3,,good
Google Play,10-07-2026 19:40:00,1,,"⭐☆☆☆☆ Very disappointing experience. Don't install this app if you are expecting genuine cashback offers. They promise cashback, but later ask you to add a minimum of ₹5,000 to your wallet before you can claim it. This condition is not made clear upfront, which feels misleading. I also had a poor experience with customer support. They were not helpful in resolving my concerns. I would not recommend this app to anyone. Please think twice before installing it, and don't suggest it to your frien"
Google Play,10-07-2026 19:22:00,5,,good for investment knowledge
Google Play,10-07-2026 18:23:00,5,,good
Google Play,10-07-2026 17:59:00,4,,deserves 5 stars for everything else but why would they delete the XIRR feature for US stocks!! It's so stupid and tbh frustrating
Google Play,10-07-2026 16:25:00,1,,unable to use cashback for credit card bill payment. they suddenly limited usage of cashback for us stocks purchase which is not the use case for all users. now no use of this app at all.
Google Play,10-07-2026 15:35:00,1,,this app is not good for money transaction
Google Play,10-07-2026 15:14:00,5,,This is the first time I've had such a smooth ITR filing experience. You guys truly deserve a 5-star rating for your product. I'm really happy to see how well you've nailed it. Keep up the great work!🫡
Google Play,10-07-2026 14:43:00,4,,very good
Google Play,10-07-2026 13:23:00,4,,thank you
Google Play,10-07-2026 12:38:00,4,,good not bad 😊
Google Play,10-07-2026 12:17:00,2,,"Cashback can be used only for buying US stocks. If you have multiple mf, and do manual sip. then no option to pay in one shot"
Google Play,10-07-2026 12:13:00,1,,"it's worst app, they pressurise to buy US stocks from cash back, a person can't use cashback to pay their bills, not customer friendly policy, cash back is my money and i will decide where to spend it , on only us stock friendly policy. i am removing this app. if there is minus rating i would love to give minus rating. policy always made for customer because customer is the King 👑👑👑👑👑👑"
Google Play,10-07-2026 11:38:00,5,,"I recently download to Indmoney and amazing! I'm not a fan of the rate limits on free, but I'm still deciding if I want to migrate everything over and start giving this company my money. I know for a fact I'm done giving the other company any money. This Al is very personable and easy to use. It has a lot of knowledge of the things I use it for (acrylic painting) and good suggestions/ideas. I tried this app about six months ago & didn't like it at all. It's definitely improved! I'll give it 5🤑."
Google Play,10-07-2026 11:13:00,5,,"This update shows a very noticeable improvement overall. 🚀 The app runs much smoother, downloads finish quicker 💿, and stability has clearly increased compared to before. Earlier, syncing would occur nearly every time I interacted with the app—opening it, starting, stopping, or editing an entry 😩. It would freeze completely until syncing finished, and stopping an entry added extra seconds automatically. Now, responsiveness is far better, syncing feels less intrusive."
Google Play,10-07-2026 09:05:00,3,,"I have a second mobile number associated with another account. However, I am unable to add this account to this app 😕. Otherwise, everything else is good 😊👍🏻."
Google Play,10-07-2026 08:46:00,5,,very good
Google Play,10-07-2026 05:44:00,4,,"Easy fix: These will be helpful in App In EPF give option to turn off pension share since it's cant be used for net worty calculation. In NPS , give option to manually add fund and nav details or ability to upload statement from which details can be taken instead of via mail. This was suggested in 2025 as well"
Google Play,09-07-2026 22:15:00,2,,"only Basic Chart provided, there no facility to draw lines, indicators, or any tool, or not provided orientation. Not useful for Traders of Deep Investers. only useful for SIP investor with condition of opening of Federal bank account."
Google Play,09-07-2026 21:44:00,4,,"I did really like the app. But there is a minor issue. When I am done with adding money to wallet, at the moment when I press back button it show a blank page. It was not much irritating at the beggining. But now it's irritating. Please, fix this issue."
Google Play,09-07-2026 21:00:00,5,,good
Google Play,09-07-2026 20:55:00,1,,can't trust this application.never trade from this app
Google Play,09-07-2026 20:35:00,5,,good
Google Play,09-07-2026 17:42:00,3,,There is everything perfect in this trading app but only one problem I noticed that there is no option like - Kill Switch. I would give 5 star when this feature is enabled.
Google Play,09-07-2026 17:02:00,4,,excellent
Google Play,09-07-2026 15:51:00,5,,nice one centre
Google Play,09-07-2026 15:21:00,5,,good
Google Play,09-07-2026 13:55:00,4,,good
Google Play,09-07-2026 13:43:00,5,,UPDATE - The order history is back. Thanks Indmoney Team...... Previously - The Order History being visible by a single click was way better. Now multiple clicks are needed just to see the order history and that also is Available only for 6 months. Please bring the full order history back
Google Play,09-07-2026 12:14:00,5,,"Excellent app!!🤑 Easy to use, I love it! It's one of the best trading apps. I've used so far! This syncing happens pretty much every time you open the app, start, stop, or edit an entry, so it was a real pain to use. The app so much faster download. But the app so much faster download. I’ve been using a few things after changing phones and reinstalling this app. You'd stop an entry and it'd be several seconds before it'd actually stop and those extra seconds are added to the entry. Thank you.♥️"
Google Play,09-07-2026 12:10:00,1,,"worst INDmoney's stop-loss feature is unreliable — my CNC stop-loss order (Cupid Ltd, 500 qty) was cancelled at the vendor level without any valid reason, causing me a loss of approximately Rs. 7,000. Support only said the issue was forwarded to the 'concern team' with no clear resolution or compensation. Be cautious before relying on their stop-loss feature for critical trades."
Google Play,09-07-2026 10:34:00,1,,They have started taking brokerages for buying shares also now even for etf. Not thr in other major exchange apks
Google Play,09-07-2026 10:25:00,2,,"Who from your team got the great idea to enable haptics on charts and graphs? I am not able to disable it from the phone and there is no in-app option either. Please disable, or give us an option to do so."
Google Play,09-07-2026 09:53:00,4,,just a last mile to go in automating tax filing by using data in account to pre fill most fields including last FY NPS contributions and ur on ur way to become one of the best ever apps created in Indian financial history. nothing is coming closer
Google Play,09-07-2026 09:51:00,5,,good service
Google Play,09-07-2026 07:08:00,1,,rolling price alert should be restored. performance still poor
Google Play,08-07-2026 21:52:00,5,,Excellent
Google Play,08-07-2026 19:33:00,3,,limited trasaction history is only drawback...
Google Play,08-07-2026 19:26:00,5,,gud and super app
Google Play,08-07-2026 19:16:00,4,,nice app
Google Play,08-07-2026 18:10:00,5,,Rectified the issues promptly
Google Play,08-07-2026 17:04:00,5,,"Every improvement in this update is easy to notice. 🌟 The app responds much faster, downloads finish quickly ⚡, and the overall experience is far more enjoyable. Thank you to everyone behind the algorithms! Earlier, syncing interrupted nearly every action 😫. Whether opening the app, making edits, or stopping an entry, synchronization would freeze everything until it was complete. Those extra stopping seconds were always counted in the final entry duration."
Google Play,08-07-2026 16:59:00,1,,"Absolute worst app. Total scam. I cleared my loan, but they refuse to delete my data. They even opened a bank account in my name without my consent! Customer service is a joke—they don't reply to emails or pick up calls. I am filing an official complaint with the RBI. Avoid at all costs. 0/5 stars."
Google Play,08-07-2026 13:27:00,5,,nice
Google Play,08-07-2026 12:42:00,4,,"⭐⭐⭐⭐⭐ Great app for investing and tracking finances. One request: please add Slice Credit Card bill payments. Slice is now live on BBPS, so integration should be possible. Many users use both INDmoney and Slice and would love to manage everything in one place. Hope the team adds this feature soon. Thank you! 🙏"
Google Play,08-07-2026 12:06:00,5,,I'm happy 😁
Google Play,08-07-2026 11:16:00,1,,They remove the option to use cashback as bill payment.
Google Play,08-07-2026 11:03:00,1,,Cashback balance cannot be used.
Google Play,08-07-2026 10:51:00,1,,average app not good platform so far for option traders lots of gliches during option trading almost during whenever your trade is on peak as a result you get big loss .
Google Play,08-07-2026 10:18:00,2,,worst update I can't the previous order easily plz fix this
Google Play,08-07-2026 10:05:00,5,,good
Google Play,08-07-2026 09:11:00,5,,very good ind money 💸
Google Play,08-07-2026 08:40:00,1,,"worst app to trade on, it hangs"
Google Play,08-07-2026 08:24:00,5,,nice app
Google Play,08-07-2026 07:33:00,5,,well good lessons
Google Play,08-07-2026 03:52:00,4,,"Request to the tech team I can't see the order history in the individual stock window. In the orders tab also, I can't filter orders by buy/sale/pending. No proper timeline order history. It was perfect even a few months ago but in the recent update order history is messed up. I feel the earlier feature (in older version) was perfect and the recent update in the orders section is really irrelevant. requesting to fix it earliest for the best user experience. All good so far. Thank you"
Google Play,07-07-2026 23:02:00,5,,best trading app
Google Play,07-07-2026 21:59:00,5,,excellent 👍
Google Play,07-07-2026 20:59:00,5,,helpful app
Google Play,07-07-2026 20:34:00,5,,Great App. Very efficient and reliable. Good work team. 👏
Google Play,07-07-2026 19:55:00,4,,good 👍
Google Play,07-07-2026 17:30:00,1,,"I was going to apply loan at insta cash. but there is a problem, i choose 36 months installments but in Autopay window they asking for 72 month installments of same amount."
Google Play,07-07-2026 16:58:00,1,,"worst support ever i have applied for FD and then raised for cancellation. they keep telling me it wil be refund 4-5 days but its been more than 15 days. no customer care. if you are dealing with people finance, you need to have very good support. you have pathetic support for finance related app"
Google Play,07-07-2026 16:54:00,5,,nice app
Google Play,07-07-2026 14:46:00,1,,"recent update is worst, cannot see for wht price I took a stock and graph has become even worst... and in every section or tab graph is differently shown and data too.. many are removed and after 30 mins of usage it hangs need to restart again... has become worst from being good... stop making new features first and fix all these stupid issues"
Google Play,07-07-2026 14:21:00,5,,good
Google Play,07-07-2026 13:38:00,1,,IND money is not supporting Android application for the tablet that is really disappointing with you guys
Google Play,07-07-2026 11:47:00,5,,Excellent lessons
Google Play,07-07-2026 11:33:00,4,,good
Google Play,07-07-2026 11:24:00,5,,nice app
Google Play,07-07-2026 11:01:00,1,,"Wrost app in terms of onboarding new clients. There is no proper or aligned SOP to carry out the the account opening to use IND money. Customer support lady was so rude and disrespectful, she didn't even mention sorry for the inconvenience and carried out with robotic answers taught. New and old client be vigilant to proceed ahead with IND money."
Google Play,07-07-2026 09:34:00,5,,excellent
Google Play,07-07-2026 06:03:00,3,,"till now no options strategy, other brokers are providing options strategy way before and here still not available, I was promised trendicator but I didn't received"
Google Play,07-07-2026 03:06:00,5,,Best competitior with groww app & best app for US stock also. More improvement could be seen in the future. Kudos to INDMONEY team🙌🙌
Google Play,06-07-2026 23:46:00,5,,i engage in both stocks. mutual funds by depending on nice services plenty of pleasure
Google Play,06-07-2026 22:59:00,4,,super
Google Play,06-07-2026 21:59:00,5,,"EXCELLENT APP, EASY TO INVEST IN US MARKET AND DETAILED INFORMATION 👍"
Google Play,06-07-2026 21:03:00,5,,sbse bdiya app h trading or investment k liye or bill payment k liye b
Google Play,06-07-2026 20:20:00,5,,good
Google Play,06-07-2026 19:38:00,5,,"Very user friendly and realtime App and Web. Recently I tried tax filling on its Web site & found simple. Quick bug fixes, I feeling really happy when got executive callback after issue fixed within an hour ! best luck team INDmoney ..."
Google Play,06-07-2026 19:23:00,5,,good app. I don't have much to say. overall good to me.
Google Play,06-07-2026 19:19:00,4,,Good 😊
Google Play,06-07-2026 17:33:00,2,,"I can't invest in this as I didn't have that listed 4 banks account i.e IDFC, HDFC, ICICI, AXIS bank...🖤 for buying US stock"
Google Play,06-07-2026 15:38:00,5,,excellent
Google Play,06-07-2026 14:19:00,1,,Accumulated Cashback Cannot Use for Bill Payment Since Last Two Months. Do Needful ASAP.
Google Play,06-07-2026 14:12:00,5,,nice
Google Play,06-07-2026 12:17:00,5,,very good
Google Play,06-07-2026 11:53:00,2,,I using this app cargers are more expansive when inviting the stocks ex 1 stock value showed the price 100 rs when payed the prosser paying ammount 103 rs . and I added mony from us stock balence need my money withdrawal the amount there less a charges 300 rs from 9k
Google Play,06-07-2026 11:23:00,1,,worst experience
Google Play,06-07-2026 11:07:00,5,,Useful Application for MF Investment - SIP & LUMPSUM
Google Play,06-07-2026 08:51:00,1,,"Rs.500 streak is scam. when you complete almost 9 month, it says Autopay is not supported. very bad experience."
Google Play,06-07-2026 07:50:00,1,,Cashback given by this app is not use in recharge or other bill payment. Now this app is not best to use .
Google Play,06-07-2026 06:53:00,1,,"after recent updates not good. not able to see how much I have invested in US SIP and how much profit loss in SIP, Earlier it was visible"
Google Play,06-07-2026 06:50:00,4,,good
Google Play,06-07-2026 05:29:00,1,,Cannot Use Rewarded Cash Back while Bill Pay. Now Suddenly Cash Back Zero. What a Meaningless Cash Back Reward System!
Google Play,06-07-2026 05:26:00,5,,great
Google Play,05-07-2026 20:47:00,5,,Good
Google Play,05-07-2026 20:04:00,1,,coustom basket ka opption ni hai islia i dont like this aap pls add thias Faerutes as soon as possible
Google Play,05-07-2026 19:20:00,5,,excellent
Google Play,05-07-2026 19:18:00,5,,"This kind of improvement is truly refreshing to experience. 🚀 The app now feels incredibly smooth, downloads are noticeably faster 💿, and stability has improved a lot overall. Huge thanks to everyone working behind the algorithms for these changes! Earlier, syncing would occur almost every time I opened the app, started or stopped an entry, or edited something 😩. The app would freeze completely until syncing finished, and stopping an entry always added several extra seconds automatically."
Google Play,05-07-2026 17:55:00,5,,very good app
Google Play,05-07-2026 16:09:00,5,,good
Google Play,05-07-2026 16:02:00,4,,kindly enable kill option
Google Play,05-07-2026 14:22:00,4,,nice
Google Play,05-07-2026 14:17:00,1,,the only good things in this application that they provide cash back in bill payment that we can use nicely..bt don't know why they start to invest forcefully in US stocks..so not use full any More..
Google Play,05-07-2026 14:12:00,5,,good app
Google Play,05-07-2026 14:04:00,5,,nice
Google Play,05-07-2026 13:01:00,5,,Excellent in all aspects
Google Play,05-07-2026 12:30:00,5,,"This is syncing 🌼happens pretty much every time you open the app, start, stop, or edit an entry, so it was a real pain. I love💮 the app! The app is soo much faster download. Not to mention being unable to use the app when it's syncing because it literally stops responding until it's 📀done. But now download💿 faster and more stable. Thank you so much to everyone algorithms. You'd stop an entry and it'd be several seconds before it'd actually stop and those extra seconds are added too entry."
Google Play,05-07-2026 11:55:00,4,,easy to understand
Google Play,05-07-2026 05:25:00,5,,It felt good to answer some questions.
Google Play,05-07-2026 01:02:00,1,,where update version.where exclusive indicators
Google Play,04-07-2026 23:46:00,5,,good
Google Play,04-07-2026 22:35:00,5,,best platform invest in us stocks
Google Play,04-07-2026 21:56:00,4,,very nice
Google Play,04-07-2026 20:50:00,5,,good
Google Play,04-07-2026 18:57:00,4,,good
Google Play,04-07-2026 18:34:00,1,,They have shared my contact details to all brokers
Google Play,04-07-2026 16:24:00,4,,"I fail to find in the updated version of IND App that the old ""₹10,000 invested in different US stocks vs Nifty shown as a bar chart"" feature is unavailable.It was quite handy"
Google Play,04-07-2026 14:21:00,5,,very good
Google Play,04-07-2026 14:09:00,5,,"This improvement is genuinely impressive. 🚀 The app runs smoother, downloads are quicker 💿, and stability has increased significantly. Earlier, syncing occurred nearly every time I interacted with the app—opening, starting, stopping, or editing 😩. It would freeze completely until syncing finished, and stopping an entry added extra seconds. Now, responsiveness is much better, syncing is less disruptive, and the overall experience feels reliable and enjoyable."
Google Play,04-07-2026 13:47:00,1,,"I accumulated ₹500 in my INDmoney app balance, but I cannot use it; it's a scam—it can only be used for US stocks. It should be usable for things like mobile recharges as well."
Google Play,04-07-2026 11:31:00,3,,cashback points are not usable for recharge please fix this 😑.
Google Play,04-07-2026 10:14:00,5,,good 👍👍
Google Play,04-07-2026 09:38:00,4,,good
Google Play,04-07-2026 09:36:00,1,,Cashback not use any bill payment....
Google Play,04-07-2026 09:33:00,4,,good option
Google Play,04-07-2026 07:25:00,5,,"I can't tell right now, but seems to ok ."
Google Play,04-07-2026 04:57:00,5,,good 👍 l
Google Play,04-07-2026 04:11:00,5,,super
Google Play,04-07-2026 01:40:00,5,,nice
Google Play,04-07-2026 00:16:00,4,,so good
Google Play,03-07-2026 21:58:00,5,,good app
Google Play,03-07-2026 20:38:00,5,,"I personally think about this app, it is very good for the US stock market and also its Indian stock market features are nice."
Google Play,03-07-2026 19:55:00,4,,good
Google Play,03-07-2026 18:57:00,5,,The app doesn't just track money; it helps you plan. The goal-based planning features and the tax-saving recommendations have been genuinely helpful for my long-term financial health.
Google Play,03-07-2026 18:47:00,1,,"I have been trying to contact INDmoney every day, but I have received no response. It has been over a week since I sold my shares, and the $183 from the sale has still not been credited to my wallet. The lack of customer service and communication has been extremely disappointing and frustrating."
Google Play,03-07-2026 17:42:00,5,,"I love the app! Before, syncing seemed to take control whenever I wanted to get something done quickly. Nearly every interaction started another sync session, leaving the app unusable until the process was over. Even worse, stopping an entry took several extra seconds, and those seconds were still added to the final time. Thankfully, the improvements have been remarkable. Downloads are now significantly faster, stability has improved greatly, performance feels smoother, and everything good."
Google Play,03-07-2026 14:47:00,5,,I have been using this app for a year. This is really amazing with its features and accessibility. Also have a good UI.
Google Play,03-07-2026 14:27:00,1,,scamming users with sbm bank i applied to close my bank account they are still not closing it. scam application. please do not use this app.
Google Play,03-07-2026 13:59:00,5,,"A performance upgrade like this is always welcome. 🚀 The app feels quicker, smoother, and much more dependable than before. Downloads now finish in record time 💿, and overall stability has improved dramatically. Huge thanks to everyone behind the algorithms! Previously, syncing happened almost every time I opened the app, started an entry, stopped one, or made changes 😩. The app would freeze completely until syncing ended, and stopping an entry always added several unnecessary seconds."
Google Play,03-07-2026 13:36:00,2,,"US Stock trading very expensive 22000 inr got loss in exchange currency price plz help to understand sold US Stock worth 1900 $ through INDMONEY get in acc 1,79,000 INR another trade sell US Stock 1700 $ & get 1,59,000 INR. Now filed complaint misconduct or an unfair practice, to the U.S. Securities and Exchange Commission through: SEC Investors"
Google Play,03-07-2026 12:49:00,4,,best app
Google Play,03-07-2026 12:44:00,5,,very nice
Google Play,03-07-2026 10:43:00,5,,good
Google Play,03-07-2026 09:38:00,1,,"I'm very frestating while using this app. worst app I have ever seen. not good for us stocks. They say make accounts with their partners like hdfc , axis federal Bank etc . After struggling alot with bank. They said congratulations your account was created successfully and you can add funds . But when you contact Bank customer service your account nowwhere exists. And you can't add money."
Google Play,03-07-2026 09:19:00,2,,the customer support is bad and doesn't understand the issue. You will need to keep on emailing the team back and forth. Also the money you put on Friday stays in the app for both Saturday and Sunday until the market opens next. They are slow and UI is not friendly for the less digitally knowledgeable folks.
Google Play,03-07-2026 08:08:00,5,,best
Google Play,03-07-2026 07:57:00,5,,The best app for Direct Mutual Funds & Stocks management.
Google Play,03-07-2026 03:50:00,5,,wow
Google Play,03-07-2026 03:40:00,1,,Please add the android tab version of the app.
Google Play,02-07-2026 21:58:00,5,,Good
Google Play,02-07-2026 21:00:00,5,,Good experience
Google Play,02-07-2026 20:43:00,4,,Great app
Google Play,02-07-2026 19:51:00,4,,"Excellent customer support! My portfolio issue was resolved quickly, and the team kept me informed throughout. Thank you for the fast and efficient service."
Google Play,02-07-2026 19:13:00,5,,good
Google Play,02-07-2026 18:55:00,5,,nice
Google Play,02-07-2026 16:44:00,4,,nice 👍app
Google Play,02-07-2026 15:59:00,1,,"I installed the application and the same day i tried to buy the US stocks for long term investment, so to proceed further i deposited the money on 16th june and till now it is stuck from the brokers end due to technical error, now i don't have any trust that our valuable money will be safe into this application. Do not install this if you are thinking to install because my 80k is stuck in for last 18 days, also there is no support from the organisation"
Google Play,02-07-2026 15:42:00,4,,✌️
Google Play,02-07-2026 14:01:00,5,,nice app
Google Play,02-07-2026 13:16:00,1,,they have stopped giving cashbacks
Google Play,02-07-2026 12:24:00,5,,"The upgrade is obvious from the first few minutes of use. 🔥 Downloads are incredibly quick 💥, navigation feels smoother, and stability is better than ever. Huge thanks to everyone behind the algorithms! Previously, syncing occurred almost every time I interacted with the app 😓. The app became totally unresponsive while syncing, and even stopping an entry wasn't instant because several unnecessary seconds were added to the recorded duration."
Google Play,02-07-2026 11:23:00,1,,"Scams you with misleading messages and pulls your external mutual fund info without your approval (reads OTP, which you cannot disable to use the app), and changes your subscription from eNPS to other third party private POP Subscribers when you actually try to check your existing portfolio. Update: It also pulls your other bills like electricity, gas, postpaid mobile bill, etc., that are linked with registered mobile no. without your concern."
Google Play,02-07-2026 10:37:00,1,,"worst app for trading, Don't use . it's data drainer ."
Google Play,02-07-2026 09:53:00,1,,"This app is just getting worse day by day. Now it won't let me see older orders, need to ask them to mail me the list and wait a day."
Google Play,02-07-2026 09:51:00,5,,great platform for investment
Google Play,02-07-2026 09:49:00,1,,bhai kitna experiment karoge yr? app pehle jeisa tha weisa sehi tha
Google Play,02-07-2026 09:26:00,5,,As a beginner IND MONEY was good and easy to understand and analyse the stocks and mutual funds in detail... good platform to invest
Google Play,02-07-2026 08:55:00,5,,super
Google Play,02-07-2026 08:19:00,1,,"Terrible support, there's a stupid bot who doesn't understand the issue and doesn't escalate. I missed a stock because of the stupid app"
Google Play,02-07-2026 07:24:00,5,,Great app
Google Play,02-07-2026 00:21:00,4,,Pro
Google Play,01-07-2026 23:44:00,5,,well done 👍✅
Google Play,01-07-2026 23:42:00,5,,nice
Google Play,01-07-2026 23:20:00,3,,"No doubt ! this best investment app for me, but one thing I hate about this app is there no option of de-Linking of other brokers and outside mutual fund from networth section of Myind dashboard please add this option."
Google Play,01-07-2026 20:52:00,2,,I'm facing the device binding issue for federal Bank in indmoney app worst the mobile number is active and connected in current device but it's showing failed to verify number the number is active and I able use in gpay and other I'm facing issue only in indmoney
Google Play,01-07-2026 18:39:00,5,,very good app
Google Play,01-07-2026 18:04:00,5,,very nice
Google Play,01-07-2026 17:47:00,4,,it's very good app it can gather every investment I have done .but I rate 4star because my bank balance and stocks I have sold are not yet updated so I have to relink it again .But sold stocks are not yet cleared please correct the mistake🙏
Google Play,01-07-2026 17:38:00,1,,"There is no customer support at all ,They just have chat bot in the name of customer support, If you thinking to buy policy do not go with it specially health or term. There is no contact details other than robotic calls You cannot initiate cashless claim at any cost."
Google Play,01-07-2026 13:58:00,3,,"User friendly interface with No Customer support , My wife want to install indmoney but some technical error on app on pan verification page , we try to contact customer support but no reply ,only virtual support assistant is available, so she installed vested which is ok but not user-friendly and many things are missing which is ery useful like Technical tool has to install on every stock chart separately and more, but they are getting free currency exchange"
Google Play,01-07-2026 13:57:00,5,,super app
Google Play,01-07-2026 12:17:00,3,,Hangs on app. Wrong interpretation of pcr and wrong interpretation shown on option chain. Please correct these.
Google Play,01-07-2026 09:18:00,5,,super
Google Play,01-07-2026 08:47:00,1,,Such an worest experience with this app and why shoulf you provide cashback if you wanna hide to yourself and customer support was worest one no one giving complete info regarding redeem my cashback amount to my account waste of time and look at these terms that if you need cashback you should trade there with 5000 rupees such an bad deal
Google Play,01-07-2026 08:24:00,1,,"my postal life insurance amount has been deducted ,but not paid why ??this is not good for bright future of this app. please resolve this problem 😡"
Google Play,01-07-2026 07:16:00,5,,awesome.
Google Play,01-07-2026 06:58:00,5,,excellent
Google Play,01-07-2026 06:54:00,1,,"a simple word - INDmoney mean ""A GRAVEYARD "" Friends careful in this PLOTFORM"
Google Play,01-07-2026 06:23:00,5,,best app
Google Play,01-07-2026 00:13:00,5,,super
Google Play,30-06-2026 23:01:00,2,,"Why do i want to see how much other's are investing when i just want to see the notification? This is really a bad UX, the notification tab is hidden next to a new feature called Social forcing every user to see how much others are investing even if they don't want to. I haven't seen any app that does this. when a user wants to see the notification, Just show him please! have a seperate section for social. really not interested in that"
Google Play,30-06-2026 21:49:00,5,,good
Google Play,30-06-2026 21:46:00,3,,super
Google Play,30-06-2026 21:28:00,5,,app is superb. but their forex mark up charges are too high.
Google Play,30-06-2026 20:29:00,5,,good
Google Play,30-06-2026 20:15:00,5,,super app
Google Play,30-06-2026 19:48:00,1,,2-3 day Delay in Withdraw Wrost App
Google Play,30-06-2026 19:44:00,4,,good
Google Play,30-06-2026 17:44:00,4,,good
Google Play,30-06-2026 15:40:00,1,,too much broker fees 200rs per trade niri loot call me give help center number
Google Play,30-06-2026 15:07:00,1,,"Scam app for credit card bill payment, they scam with cash back."
Google Play,30-06-2026 12:17:00,1,,add loan repayment option directly from your app not to open browser
Google Play,30-06-2026 12:14:00,5,,good experience of intratrading
Google Play,30-06-2026 11:56:00,5,,indmoney is best for trading where you trade globally in one app
Google Play,30-06-2026 11:36:00,5,,nice
Google Play,30-06-2026 11:08:00,5,,bhai काश्यप सहाब को thanks. ग़ज़ब की चीज बनाते हैं वो हम लोगों के लिए
Google Play,30-06-2026 07:51:00,3,,Too many financial personal data taken very discreetly.. Also the Returns shown for all stocks etf are Absolute. Industry norm is showing CAGR. this is intentional misleading. all other apps clearly mention as absolute cagr or xirr...Ind money simply displays absolute without any mention making is believe it's cagr..Eg Vanguard 1 year return is 19 percent. 3 year shows 67 percent. you will think in 3 years money became 67 percent. wrong actual cagr is around 21%
Google Play,30-06-2026 05:15:00,5,,thanks INDmoney
Google Play,30-06-2026 00:29:00,5,,i am still investigating about indmoney so no comments now
Google Play,29-06-2026 23:52:00,5,,ok
Google Play,29-06-2026 23:27:00,2,,Bad experience when I started using this app for US investments...no direct number to connect for support. Every time we need to raise the ticket and they call you back when they feel like connecting. For any concern we have to write multiple emails and follow up asking for status .
Google Play,29-06-2026 22:05:00,5,,exceptional work..All that I ever wanted in terms of portfolio details...Great work guys
Google Play,29-06-2026 21:55:00,5,,Best for investing in US stocks. Go Ahead
Google Play,29-06-2026 21:40:00,1,,okay
Google Play,29-06-2026 20:11:00,4,,good
Google Play,29-06-2026 18:53:00,4,,Good
Google Play,29-06-2026 17:46:00,1,,"Worst app ever. I pay most of my bills and Upi payments to this app for cashback, now all of a sudden the cashback amount cannot be used to pay for recharges or other bill payments anymore and it can only be used for US Stocks,why should i create stock account for your cashback,any foolish person will do this. So whats the point to use this app when u can't use your cashback. STOP USING THIS APP."
Google Play,29-06-2026 17:09:00,5,,"I am very impressed with INDmoney's customer service. The support team is responsive and helpful, and the app is an excellent all-in-one platform for managing investments and finances. I hope they continue maintaining this high standard of service in the future !!"
Google Play,29-06-2026 15:41:00,1,,"ALERT!! I'm Using INDMoney since 2024 Dont trust this application especially in case of US Stocks simply THIEF. Settlement won't be done properly, deducting money without any proper explanation. I had a pending settlement and one day recieved mail confirming amount credited to my wallet but when refreshed the wallet it was not credited. Itz been a week trying to get a pending settlement of $10 but they are saying the settlement is done & nothing left. Thankgod haven't done any huge investment."
Google Play,29-06-2026 15:31:00,3,,request to make the volume in option chain to smaller no.
Google Play,29-06-2026 14:25:00,1,,Thanks for re-adding Kotak bank as an option to add funds to IndMoney. But why not provide account details directly to add USD to the broker account? Kotak and other banks are charging crazy fees and FOREX markups. There must be a way to allow users to add USD
Google Play,29-06-2026 14:16:00,5,,IND Money has hired a best team for Customer service.
Google Play,29-06-2026 14:03:00,5,,good
Google Play,29-06-2026 13:05:00,5,,very nice 👍
Google Play,29-06-2026 12:10:00,1,,it's an useless app. Recommend to not use or install the app for usage
Google Play,29-06-2026 12:09:00,4,,good 👍🏻
Google Play,29-06-2026 11:05:00,5,,very good
Google Play,29-06-2026 10:30:00,5,,Best aap
Google Play,29-06-2026 10:24:00,1,,third class app third class coustomer service don't add money in the account I think this application is fake i am withdrawing a amount but payment is under process last 2 month
Google Play,29-06-2026 10:18:00,2,,It's the best app I KNOW but just provide a way to IMPORT FUNDS I have been using it for 1 year and + but the issue is if I add a new fund or just any new the app doesn't show 😭 and there is no other way to IMPORT/REFRESH!
Google Play,29-06-2026 09:11:00,5,,nice
Google Play,29-06-2026 08:38:00,1,,worst experience ever...you will get the cashback but you won't be able to use it...so download at your own risk... a big no if you are lured by the cashback
Google Play,29-06-2026 08:09:00,5,,very good
Google Play,28-06-2026 23:40:00,1,,helpline number available ?
Google Play,28-06-2026 22:22:00,4,,My UI experience is very smooth due to modern uu design but I overtrades and my brokerage increases.
Google Play,28-06-2026 19:28:00,1,,Their policies sucks. They have changed the policy on 17th June 26 and now nobody can use the reward cashback for making payments. Now it can only be used for purchasing US stocks. How can you change such a policy at random. You are making bound everyone to do US stock trading. I don't think this app is of any use anymore. Will uninstall it.
Google Play,28-06-2026 17:04:00,4,,awasome
Google Play,28-06-2026 14:36:00,1,,cashback use nehi ho raha ..... please do something.
Google Play,28-06-2026 14:29:00,3,,good
Google Play,28-06-2026 14:16:00,5,,v good
Google Play,28-06-2026 11:52:00,5,,good
Google Play,28-06-2026 10:26:00,5,,it's nice and comfort to invest in us market from india
Google Play,28-06-2026 10:05:00,5,,Excellent
Google Play,28-06-2026 09:56:00,1,,"Not user friendly. I have been trying to foreclose my loan, but there is no such option in the app. It's just frustrating. sometimes all the loan procedure will be completed but the amount won't get credited and when I contacted customer care they told me my limit is blocked. they should know that before processing the loan."
Google Play,28-06-2026 08:40:00,5,,amazing app for all types of investments in Indian and US stocks markets
Google Play,28-06-2026 08:02:00,5,,very useful for things
Google Play,28-06-2026 03:50:00,2,,app doesn't support tablet and trading view edited layout cannot be saved I hope we will get soon updates on this issues
Google Play,27-06-2026 22:30:00,1,,डिअर सर आपके अनुरोधहै कि यह एप्लीकेशन बढ़िया है परंतु यह एप्लीकेशन को जैसे ग्रोव एप्लीकेशन है उसके जैसा सरल हैंडल करने के ऑप्शन में डेवलप कीजिए और भी बेहतर होगा थोड़ा ऑफ यहां के कुछ ऑप्शन समझने के लिए बहुत समय लगता है और यह समझने में बहुत कठिन साबित हो रहा है बाकी सब बढ़िया है थोड़ा इस पर ध्यान दें ।
Google Play,27-06-2026 22:00:00,5,,best app
Google Play,27-06-2026 21:34:00,1,,"i have lost my gmail ID from which i have previously sign up with, now I want to change my email ID but it is not showing the option of changing the email ID"
Google Play,27-06-2026 20:58:00,4,,"Really good app to track all your investments and check your updated networth and invet too. A request from developers - you have all transactional data, please provide overall and asset type wise XIRR option so that investors can check their own performance against chosen benchmarks."
Google Play,27-06-2026 17:24:00,5,,excellent
Google Play,27-06-2026 16:50:00,5,,Very quick process and highly user friendly
Google Play,27-06-2026 13:29:00,5,,good 👍👍👍👍👍👍
Google Play,27-06-2026 12:21:00,5,,good app invest for global trade
Google Play,27-06-2026 10:57:00,5,,Indian people investment in US stock market.indmoney best
Google Play,27-06-2026 10:31:00,1,,when opening an usa based demat account why there is limited banks options ? More banks should be added
Google Play,27-06-2026 03:43:00,4,,sir please add order flow and footprint chart. thanks
App Store,18-09-2026 01:48:49,5,Scam App,"Unable to withdraw money, totally fully fake application"
App Store,17-09-2026 16:30:40,5,US stocks,Excellent information
App Store,17-09-2026 10:06:27,1,App predictions inaccurate 100%,The predictions on app that claim momentum profits are extremely inaccurate. Just faced 100% loss on the same.
App Store,16-09-2026 07:23:59,4,Investment in sip,Very informative
App Store,15-09-2026 17:13:44,5,Excellent,Nothing hidden total transparency
App Store,15-09-2026 09:23:37,5,Great App,Excellent and Simple Learning app
App Store,15-09-2026 01:51:24,5,Great layup,Superb
App Store,13-09-2026 11:35:34,1,Deceptive practices and terrible support. Avoid this app.,"Zero transparency. They hiked MTF interest rates and brokerage fees. Customer support was rude and falsely claimed these were ""promotional offers"" that were never disclosed anywhere. This lack of transparency and unprofessional support makes them completely untrustworthy for serious investors. I have initiated a full transfer of my portfolio to another broker. Do not trust them with your money.

UPDATE: EMAILED THEIR ESCALATION DESK AS INSTRUCTED IN THE REPLY. NO GENUINE ATTEMPT TO FIX THE PROBLEM, JUST DEFENDING THEIR UNANNOUNCED CHARGES AND RUDE SUPPORT. THEIR PUBLIC REPLIES ARE PURE PR. SERIOUS INVESTORS SAVE YOUR TIME AND  CAPITAL, LOOK ELSEWHERE."
App Store,13-09-2026 11:03:27,5,Intraday,Superb
App Store,12-09-2026 11:21:32,2,Unable to add fund into IND Money App by using my IDFC FIRST Bank Savings Account.,"Unable to add fund into IND Money App by using my IDFC FIRST Bank Savings Account.
Second issue is After closing Digital Account with Federal Bank Powered by IND MONEY App still my Federal Bank Customer ID or CIF ID showing enable,
Please send email to Federal Bank and ask them to Disable my CIF id, I will Thankful to you."
App Store,11-09-2026 06:19:28,5,Excellent,Excellent
App Store,10-09-2026 13:41:14,4,1 day change feature,"The 1 day change feature should include stock price changes from other brokers as well, this was there earlier but now it only shows stocks from indmoney"
App Store,10-09-2026 02:27:41,1,Very over complicated app,"Very over complicated app
10Sep26: I see that you have stopped displaying 1 day changes for other brokers. Why did you make people get used to it earlier then?"
App Store,09-09-2026 22:29:58,2,Disappointing change to 1D Change,"The recent decision to restrict the 1D Change feature to shares held through INDmoney is a bad move.

One of the key advantages of INDmoney was being able to track your overall portfolio across different brokers. If I have investments with multiple brokers, I should still be able to use INDmoney to see the combined 1D movement of my holdings.

Restricting this feature to INDmoney holdings makes the app considerably less useful as a portfolio tracking tool and feels more like an attempt to encourage users to move their investments onto the platform.

Some users may have chosen INDmoney specifically because it worked across brokers. Changes like this can fundamentally change how those users use the app.

Please reconsider and bring back cross-broker 1D Change tracking."
App Store,09-09-2026 12:43:34,5,Good,Good
App Store,09-09-2026 06:22:25,1,Withdrawl takes 6 days,"The funds withdrawal takes lot of time , 6 days already"
App Store,07-09-2026 12:39:57,2,Not able to make federal bank account,Im not able to make a video call for making a federal account as it ask for microphone access and the permission for the same is not available in the settings. Im using iphone 16 pro. I have updated the app as well. Please solve this issue.
App Store,07-09-2026 04:52:49,2,Poor experience on iPad,"Landscape mode doesn’t work and once charts are opened in F&O, the back button doesn’t work, so you are forced to exit and reopen."
App Store,05-09-2026 07:00:28,1,Ui is very complicated,"It is very difficult to
Understand the appl please make it more simple like grow"
App Store,04-09-2026 18:06:41,5,Don’t miss opportunity,At global investors from India very helpful and useful platform 👍
App Store,04-09-2026 07:31:57,1,Discrepancy in adding money to the wallet,"I have a serious Concern regarding USD/INR exchange rate and transparency of charges

I am disappointed with the way USD deposits are being processed through INDmoney/Federal Bank. I recently tried to deposit ₹50,000 into my US wallet, and the app showed an exchange rate of ₹96.25/USD, while the prevailing USD/INR rate at the time was around ₹94.26/USD.

This represents a difference of approximately ₹1.99 per USD, or 2.1%, which is significant for a currency conversion. For a ₹50,000 transaction, this exchange-rate difference alone can materially reduce the USD amount received.

The app also displayed ₹74.89 GST and ₹8,321 indicative TCS. I understand that TCS is refundable and therefore should not necessarily be considered a permanent cost. However, the exchange-rate spread is a separate issue and needs much greater transparency.

My concern is not simply about paying a fee — it is about fair and transparent valuation of the money being converted. If Federal Bank/INDmoney is applying a currency-conversion markup, customers should clearly be shown the reference USD/INR rate, the markup/spread being applied, and the exact amount being charged because of that spread.

The statement “You’re saving ₹1,796 on transfer charges and forex rates” also creates the impression that the conversion is highly competitive, while the displayed exchange rate appears materially higher than the prevailing market rate.

I request INDmoney to clearly disclose how this exchange rate is determined and what portion of the difference represents the bank’s forex spread. Customers should be able to see a transparent calculation before approving the transaction.

Please improve the transparency of USD/INR conversion rates and ensure customers receive a fair and properly evaluated exchange rate."
App Store,03-09-2026 15:05:52,5,brokerage charges,Hey indmoney i happy to use your platform but I have problem with your high brokerage charges I know your charges are fixed but any discount in brokerage charges for me?
App Store,02-09-2026 06:53:12,1,Fraud only,"Everytime they say reward on bill payment, but never giving it actually"
App Store,02-09-2026 06:06:35,5,Good for invest,"Good for investors
Good for investment"
App Store,02-09-2026 05:57:56,5,Good App,"Exellent App customer friendly, collects no charges for mutual funds , doesn’t accept regular funds, unusual of these kind APps"
App Store,02-09-2026 04:36:29,5,Best application for stocks,One of the best app for trading across the market you can learn about stocks mutual fund ipo F&O also it's interface is user friendly
App Store,01-09-2026 12:06:05,1,Iphone 12 and below not able to do upi payment,This is worst thing came after updating app
App Store,01-09-2026 03:24:58,5,Must try,Very good app for the business
App Store,31-08-2026 03:59:32,1,Useless app,Pathetic service take care of ur money
App Store,30-08-2026 16:23:09,4,Loan option,"There is no option to add and track loans ( personal loan, car loan, Home loans etc) in liability section. Rest all features are excellent"
App Store,30-08-2026 05:50:42,1,Scam / cheat app,"IND Money along with Bill Desk is scamming in payment gateway by pocketing the paise we deposit, you send ₹99.21, they will deposit only ₹99 and pocket the 0.21 paise and with this happening as IND Money claims for over 10-years. And when highlighted thru the ticket they neither refunded the balance nor did anything to fix the issue. They went ahead and blamed the bank / receiving party for the issue."
App Store,29-08-2026 17:41:31,5,App working,"Application working very nice but compare to other applications in this application I am not getting a single allotment, I am not which is related with the application or not
Almost I applied around 20 to 30 ipo’s no single allotment"
App Store,29-08-2026 05:23:34,4,RD investment missing,RD investment record was available earlier is missing now
App Store,29-08-2026 02:42:19,5,I got the bug in app it’s going in loop,I don’t have option to upload the screen recording video
App Store,27-08-2026 16:07:17,2,Incorrect mutual fund tracking,"I have sold my MF holding a year ago, but still it’s added in my networth and being tracked as my asset in this app. There no option to stop and disconnect the tracking either"
App Store,27-08-2026 04:15:02,5,Excellent app,"So far, this is the best app I have used for stock trading."
App Store,26-08-2026 05:53:35,4,Regarding MF portfolio,"Individual MF should show XIRR as well instead of only net returns.
Overall good app!"
App Store,24-08-2026 12:47:04,1,Disappointed with the UPI device restriction,"I was genuinely surprised to see that INDmoney has discontinued UPI functionality on iPhone 12 and below and requires an iPhone 13 or newer.

My iPhone 11 is still running a supported/current iOS version and works perfectly well with other UPI and financial apps. If this is a security decision, the requirement should ideally be based on the supported iOS/security version rather than an arbitrary iPhone model.

Other platforms such as Groww continue to support UPI on iPhone 11. Because of this restriction, I am now considering moving my IPO and investment activities to another platform.

Unfortunately, with this decision, INDmoney may have lost two customers — mine and my wife’s.

I hope INDmoney reconsiders this policy and provides support for iPhone 11 rather than forcing customers to change their devices or platforms."
App Store,22-08-2026 18:14:36,4,Tracking networth linked to other Pan number of same family,Overall good but unable to track mutual funds or shares liked to my number and registered on my mother’s pan card. Need to have that feature too
App Store,21-08-2026 11:25:57,5,Good,Good
App Store,18-08-2026 14:10:59,5,Best for USA market from Ind,It’s best app from India to buy USA stocks and good for long term holdings
App Store,18-08-2026 05:20:48,1,Management decided to change MTF rate overnight without customer consent,Without consent they increased ROI on MTF by 2.5%. I can't trust this platform tomorrow they can increase by 5% and customer support will mention management took the call.
App Store,17-08-2026 09:00:06,1,Slow,When i set target price it always sells at very lower price which is loss
App Store,17-08-2026 08:23:02,5,I like the UX,Used multiple apps in the past but found indmoney ux clean and easy to follow
App Store,15-08-2026 12:43:11,3,Mind ai is not working,in your app Beta mind which is help to search stock with AI tools or promote. But it's now not working can you just fix it. I using all time it's easy to find stock on their requirements basis.
App Store,14-08-2026 14:41:38,5,Good experience,Nice
App Store,14-08-2026 07:37:08,5,Easy to manage,Easy to do transactions
App Store,14-08-2026 07:00:50,5,Nice app,Nice app
App Store,13-08-2026 23:29:30,4,CC,Not easy to reach customer care
App Store,13-08-2026 14:45:21,5,Grow your Money with IND-Money,Just go for it my frdsss
App Store,13-08-2026 11:37:11,1,Graveyard,"Very dangerous, stand away from this looter"
App Store,13-08-2026 06:02:13,5,Very easy,Good
App Store,12-08-2026 18:10:49,5,Smooth,Easy to access
App Store,12-08-2026 02:41:48,5,Best app,Best app for Stocks and SIP investment
App Store,10-08-2026 02:36:46,5,Review,"Refreshing interface with good amount of information, provides option for various types of investment through one app. Loved using it and the ease of operation of the interface."
App Store,09-08-2026 07:03:35,1,Extremely Poor NRI KYC experience,"Latest Update: Its been 6 months to complete NRI KYC, even when all documents are provided, NO DIRECT mutual funds for NRI

Update -August 2026
My NRI friends, beware you are not allowed to invest into DIRECT mutual funds from this platform

———

The app may look polished, but the onboarding experience for NRIs is shockingly bad.
I have been stuck for over a month dealing with support tickets because their KYC team seems to have little to no understanding of the NRI KYC process. My Indian passport was renewed at an Indian Embassy abroad and clearly carries my foreign address, which is completely valid and standard for NRIs. Despite this, the document was repeatedly rejected without any proper explanation.
Instead of helping resolve the issue, support staff kept giving random excuses just to close tickets, with no real guidance or escalation. There was no sense of ownership or competence — interactions felt more like dealing with an outdated government office than a modern digital platform."
App Store,08-08-2026 15:05:21,1,Money Lost while transferring to US - Very Disappointing,"I am extremely disappointed with the international money transfer service. I transferred money from my HDFC account in India to US bank through INDMoney. The amount was debited from my India account, but it was never credited to US account. 

I raised a ticket in INDMoney support, but no resolution. Very Disappointed, don’t know where is my Money.

Be careful while using this app."
App Store,06-08-2026 16:00:57,2,Slow,"I have 100mbps , 30mbos jio and Airtel sims. The app just does not load data at times."
App Store,06-08-2026 04:04:01,5,Reliable and Fast,Buy Sell action smooth and fast
App Store,05-08-2026 18:49:24,1,Issues,Lol after installing this app I got many problem my adhar card n PAN Card dint work n my Google pay server down I try my best to open it again but all invalid please guy help me
App Store,04-08-2026 06:15:17,1,EMI Auto debit issue,I already have the total EMI amount in my IDFC bank it’s mention auto debit but it was not debited at the EMI date then the bounce charge was added and foreclosure also blocked if you have a at least 1 day over dude I think this app is suspicious to use so in my experience please don’t get the loan in this app. Overdue was happened but not my fault it’s a app fault. If I close my loans I will not use this app anymore. I got the loan from credit saison india.
App Store,03-08-2026 16:52:56,5,UIWLGJ9SUSRU,Use code UIWLGJ9SUSRU
App Store,01-08-2026 04:18:49,5,The best app!!!!!,"I’ve had a great experience using the INDmoney app. It’s incredibly convenient and user-friendly, with everything I need available right at my fingertips. The interface is intuitive, making it easy to manage my investments and finances seamlessly.

What stands out the most is their customer support. The team is quick to respond, professional, and genuinely helpful. Every issue I’ve had has been resolved promptly and efficiently, making the overall experience even better.

Overall, I highly recommend INDmoney to anyone looking for a reliable, well-designed financial app with excellent customer service."
App Store,31-07-2026 07:15:05,1,Do not use INDMoney,One of the worst apps to use
App Store,31-07-2026 03:08:47,4,Praful chavan’s review,Great easy to use & tension free
App Store,30-07-2026 13:32:53,5,US Stocks Portfolio,"⭐⭐⭐⭐⭐ Great platform for investing in US stocks. The app is easy to use, offers smooth transactions, and provides excellent portfolio tracking. It makes global investing simple and convenient while helping diversify beyond Indian markets. A reliable choice for long-term investors. Looking forward to even more advanced research and portfolio analytics."
App Store,30-07-2026 04:42:41,1,For us stocks the day’s change and p&l are not in sync.,For us stocks the day’s change and p&l are not in sync. Wrong info.
App Store,28-07-2026 17:35:58,1,Update messed up ESOP tracking,The recent update has completely messed up ESOP tracking. The page doesn’t even load.
App Store,28-07-2026 14:33:38,1,Lost money,I lost my money.Plz don’t use this app for us stocks.
App Store,27-07-2026 09:24:36,4,EPF Not working,Epf sync is not working
App Store,27-07-2026 06:12:45,5,BEST FOR US MARKETS,INDmoney excellent trading app for people looking US market. It’s giving accurate price during market hours.APP interface is very easy and informative.
App Store,27-07-2026 05:16:29,4,Latest update broke equity p & l,The Latest update broke equity p & l calendar view (monthly and yearly) . Please fix
App Store,27-07-2026 03:21:24,5,Best for mutual funds,Best app
App Store,27-07-2026 02:20:16,3,TMB bank is not available in the banks account sync,TMB bank is not available in the banks account sync.
App Store,26-07-2026 11:06:46,4,Good,For investment
App Store,25-07-2026 15:15:49,1,Bad customer care service,Past so many days I tried to link my bank account.i couldn’t. I’m trying to reach out customer support no one not answering and there no proper customer support service.pls don’t use this app.find some better app
App Store,25-07-2026 14:37:04,5,ITR FILING IS VERY EASY,"ITR FILING IS VERY EASY THOUGH WEBSITE, IN DETAIL AND"
App Store,25-07-2026 10:37:45,5,Best App for Stocks and FnO,"Excellent UI navigations, reports and execution is Great,  i have used other apps as well for India market but this has to be Number 1 app in this segment."
App Store,25-07-2026 08:43:58,5,Best in the class,The tax filing feature on the website saved my hours of time and I could file ITR in 10 min.. Big thanks to INDmoney team
App Store,24-07-2026 08:28:23,5,Awesome,So simple.. any one can use it. One stop solution..
App Store,24-07-2026 04:14:20,5,Super,Super
App Store,23-07-2026 06:38:49,1,UI Bad,"Home screen filled with bunch of stock recommendations ,instead of direct nifty index or sensex bunch of other rigid details unorganised details make me open Groww app for stock checking instead of Ind money"
App Store,23-07-2026 01:51:59,5,Really a Super Finance App,Very simple and user friendly interface with lots of clarity.
App Store,22-07-2026 00:02:17,4,Accessing it little more user friendly it must be,Good but make it more user friendly
App Store,21-07-2026 19:46:29,5,Us stock,I thing this apps Chang my life and trading view
App Store,21-07-2026 04:41:52,5,Good,55555
App Store,20-07-2026 18:02:28,1,CRITICAL ELIGIBILITY HIDDEN UNTIL AFTER KYC,i was like fool did kyc gave access to digi locker to invest eagerly in usa stocks but when i was to add money to invest in usa stocks you people coolly say only certain 4 banks allowed to invest in usa stocks worst app ever wasting people time please be transparent upfront instead of wasting users time.
App Store,20-07-2026 09:27:55,5,Convenient & reliable,"INDmoney has made investing much easier & simpler. We can easily invest in both US & INDIAN market from one app. Less headache and more ease. I quit investing with Groww since INDmoney has became All-in-one platform. 

Great work…"
App Store,19-07-2026 13:04:23,5,Most amazing,The top & best ever app for trading & investment ! No other broker can ever match the aura of ind money ! Seriously its really amazing ! Must must must try
App Store,19-07-2026 12:55:14,5,One of the bests App for Trading,"This is one of the best apps I found so far. Service is top notch, user interface is of best quality and super comfortable, I would highly recommend this applicaation and service prvider"
App Store,18-07-2026 08:23:52,5,Superstar App for Finance,"I have been avid user of INDMoney investing in MFs,FDs and US trading and already app was 5 star for me but this year they even had the option to file ITR completely free this is insane and surely would like to give even more than 5 stars now to the app."
App Store,17-07-2026 12:51:09,5,Good,Best thing about this broker is whatever feature you need just submit a feedback and they will add it. Big shout out to everyone working hard for their customers.
App Store,16-07-2026 04:52:51,1,Unacceptable Customer Service – Request for Immediate Human Intervention,"I am writing to express my deep dissatisfaction and anger regarding the current state of INDmoney’s customer support. Dealing with your platform has become a financial nightmare.You have completely replaced real customer service with useless, looping AI agents and automated bots that are entirely incapable of resolving actual user issues. It is completely unacceptable that a platform handling people's hard-earned money and investments makes it virtually impossible to speak with a human being.This total lack of support feels incredibly untrustworthy and borders on unethical business behavior. If a live support agent does not contact me immediately to resolve my account issues, I will be forced to liquidate my portfolio, close my account, and escalate this matter directly to SEBI SCORES."
App Store,15-07-2026 16:28:31,5,Add technical indicators,Kindly add Alpha trend and fractal chaos band
App Store,14-07-2026 19:18:24,1,DO NOT UPDATE!,The Updated version is not user friendly.. its very complicated and confusing. I wish I could go back to the old version.
App Store,14-07-2026 14:41:13,5,Good,Good app to invest money in us market
App Store,14-07-2026 13:22:21,1,Do not download 🚨,It’s totally a confusing and hidden charges app 🗑️
App Store,13-07-2026 16:59:56,5,Love the app!,Totally recommended after using zerodha & groww
App Store,13-07-2026 08:56:36,5,Good,Excellent
App Store,13-07-2026 05:08:02,5,The best!,I am managing all my financial stuffs at one place and its been 3 years now
App Store,12-07-2026 19:13:02,5,Good,Good
App Store,11-07-2026 09:27:47,5,INDmoney,It is a fantabulous Demat Mobile  application. Very Easy to operate. Very efficacious and prompt in responses.
App Store,11-07-2026 03:13:14,5,Love the App but needs some fixes,"I’ve been using the app for long now and really love the functionality and ease of use. Keep up the good work. Just need better tracking for NPS as it doesn’t show Funds invested in MSF scheme for NPS.. also realtime NPS tracking is a bit slow and not immediate as I had expected. 
All in all an excellent app for financial planning and control."
App Store,10-07-2026 21:44:02,5,Fantastic app,"I’ve been a user since last 4 years and the app is amazing. 
I just hope you folks come out with your MCP server soon, please get it done sooner guys!"
App Store,10-07-2026 17:37:34,5,Best,Best app for any type of investment in india or world markets
App Store,10-07-2026 09:21:15,1,Social sections,I don’t like social section near the notification section please remove this feature.
App Store,10-07-2026 03:49:01,1,Please don’t refer anyone,"I wasn’t informed before they stop the Mini save pots which was really helpful 

In this case, I would prefer to move another platform"
App Store,08-07-2026 17:13:29,3,"Great App, Just Needs iPad Compatibility","Great app on iPhone, but it is not optimized for iPad. It just runs as a scaled-up, low-resolution iPhone window. As an investor, I need a native iPadOS layout to analyze charts and track my portfolio on the larger screen. Please optimize the app for iPad screens in upcoming update(s).

OverAll, I love this platform for trading."
App Store,07-07-2026 21:02:13,1,Shares auto square-off.,INDMoney sell my shares of two companies without my permission. This company is a fraud company. I will soon take them all in court. I appealed everyone’s not to invest through IndMoney 🙌.
App Store,06-07-2026 17:26:37,5,Maximum investment options in 1 App,"The option to invest in a large number of no-commission mutual funds is truly amazing, you exactly know, how much expense ratio is associated with a fund, and I really appreciate the transparency with all these details."
App Store,05-07-2026 15:14:15,5,Simple Basics,Anyone who has little knowledge can answer most of questions
App Store,04-07-2026 11:38:15,5,Nice app,All in one
App Store,04-07-2026 07:56:42,1,Worst response system,Nobody is responding on mail and after some days they inbox me that I am not responding.
App Store,02-07-2026 06:42:10,1,Buy back option,"I would like to apply for buy back option for Bajaj auto, but not able to apply from the app."
App Store,02-07-2026 06:03:15,1,Very bad service,"3rd class customer Service, no call or support, no reply’s for any complain. It’s a just very well advertised platform via influencer and that’s it."
App Store,02-07-2026 05:28:10,5,thank u,thank you
App Store,02-07-2026 03:06:41,1,Customer support not at par with best of apps,"I am having an account with federal bank but it is not showing and i am not able to add money to invest in US, i had tried to chat on help centre but there are only pre-built message format.
I am facing extreme hardship. Pls help"
App Store,02-07-2026 01:47:20,1,Cashback fraud,Received cashback but it shows as used but i never done transaction for that time. Better to not use this fraud app
App Store,01-07-2026 18:36:34,5,Very good app,❤️❤️❤️
App Store,01-07-2026 10:14:57,5,Best App,Great App for tracking everything together.
App Store,01-07-2026 06:47:24,5,Service,App is excellent super
App Store,01-07-2026 02:20:50,5,GS Dev,I’m new to this
App Store,30-06-2026 15:50:57,5,The Best app,"An absolute gem of an app to track your net wroth and invest in US and Indian markets, very very thoroughly deigned for the ease of everyone. I love the breaking news alerts and events happening that too stock specific it not only gives me knowledge but also let me take a decision regarding my investments. Have been recommending the same app to my friends and families."
App Store,30-06-2026 15:33:58,5,VERY USEFUL,I am using it from 2021 and till date its the best app for MF / US stocks etc. It’s safe coz it’s connected to NSDL.
App Store,30-06-2026 14:38:32,5,User friendly,Easy to transact
App Store,30-06-2026 10:33:26,1,Seriously disappointed with the INDmoney app.,"I wanted to buy SpaceX at around $155, and the stock was trading at the same price. Even after completing all verification and adding money from my bank, the app still needs 24 hours to credit the amount into the wallet & now stock has rally 10% 🤬

We are in 2026. International transfers and broker funding should not take this long, especially when users are trying to buy at a specific price. My friend in the UK can transfer money from his Lloyds account to his broker within seconds and buy Indian stocks smoothly, so why can’t INDmoney provide the same kind of experience?

Even if banking or exchange-rate processing is involved, the app should clearly mention this upfront and improve the wallet funding process. This delay can make users miss investment opportunities.

My first experience with INDmoney has been very disappointing. Please don’t just ask users to email some support address. Take this feedback seriously, fix the issue, and improve the platform."
App Store,28-06-2026 16:29:01,5,Best app ever,"one of the best app ever used, no harassment calls unlike motilal oswal and other broker apps. I am using it for past 3 years and must say it exceeded expectations down the line, updates are amazing and it grew with new features getting added almost every 2-3 months."
App Store,28-06-2026 03:45:07,3,Unable to delete a goal,"Looks like there is no way ti delete a goal once added. Its messing with my net worth, and i am not able to delete it"
